word,freq
ที่,818401
การ,592215
เป็น,540068
ใน,537625
ของ,506330
มี,506262
จะ,501396
และ,468061
ไม่,451329
ได้,396834
ให้,360576
ว่า,358490
ไป,352022
มา,315379
ก็,299288
ๆ,271615
ความ,231010
คน,221819
กับ,196878
แล้ว,192744
อยู่,184734
หรือ,184609
จาก,174525
กัน,173695
นี้,173308
แต่,169768
อย่าง,156157
ต้อง,152510
ด้วย,144396
ขึ้น,143305
เขา,141837
นั้น,134946
ผู้,121586
ซึ่ง,120265
ตาม,114648
มาก,111404
โดย,110909
ใช้,110770
ทาง,104563
เรื่อง,103427
เรา,102447
ยัง,102256
ทำ,94750
เพื่อ,93645
ผม,90531
อีก,90503
หนึ่ง,90209
เมื่อ,90199
ถึง,88476
เข้า,87806
เพราะ,85265
ดี,85148
ออก,82392
ฉัน,81848
เกิด,79480
คือ,79033
เห็น,78345
จึง,75102
ทำให้,73165
กว่า,71659
ไทย,70683
ไว้,70221
ปี,70030
ตัว,70019
เธอ,68939
คุณ,67667
ต่อ,66488
ทั้ง,66397
มัน,66038
เลย,65908
ถ้า,63774
อะไร,62024
เวลา,61626
ลง,61595
ต่าง,59696
ส่วน,59284
ประเทศ,58922
อาจ,57923
แบบ,55683
ถูก,55664
ทุก,54869
วัน,54759
ก่อน,52620
เช่น,50919
อื่น,50908
ดู,50723
ครั้ง,48784
รู้,48402
เอา,47515
สอง,46778
นำ,46183
งาน,45485
นะ,44572
นาย,44561
สามารถ,44560
หน้า,44148
บอก,43681
กลับ,43633
แห่ง,43337
บาง,42283
ได้รับ,42021
จน,41261
ด้าน,41108
คิด,40248
เด็ก,40241
ชีวิต,40221
สิ่ง,39837
พระ,39639
เหมือน,39602
พูด,38343
รับ,38331
หลาย,38329
บ้าน,38158
ใหม่,37988
เคย,37711
นี่,37600
กลุ่ม,37556
ปัญหา,37408
สังคม,37149
ใคร,36559
หา,36050
คำ,35709
อยาก,35093
ใด,35065
เสียง,34739
คง,34381
มอง,34332
ระหว่าง,34269
สำหรับ,34252
น้ำ,34143
ผล,34034
ฯ,33957
ใช่,33736
แสดง,33664
กำลัง,32946
2,32931
สร้าง,32900
ท่าน,32859
เงิน,32453
โลก,32400
ช่วย,32378
กำหนด,31907
จริง,31874
ขอ,31719
ทำงาน,31469
ระบบ,31216
ใหญ่,31040
ลูก,30991
เอง,30958
อัน,30827
พอ,30671
1,30346
ที่สุด,30329
แม่,30084
พบ,30062
บน,30046
เสีย,30016
แก่,29862
ควร,29650
เมือง,29502
น้อย,29425
เดิน,29373
สี,29287
น่า,29150
พี่,28952
ร่วม,28907
พัฒนา,28851
ใจ,28669
หาก,28585
มาตรา,28426
สูง,27948
กิน,26794
ส่ง,26212
เดียว,26177
แรก,26140
กรณี,25993
ระดับ,25973
ตัวเอง,25737
กฎหมาย,25728
กล่าว,25567
อาหาร,25533
เกี่ยวกับ,25220
ดังกล่าว,25009
นัก,24938
จัด,24895
ช่วง,24816
ฝ่าย,24787
เพียง,24673
ลักษณะ,24670
หลัง,24475
ข้อ,24367
จำนวน,24366
พวก,24252
ตน,24225
รวม,23928
เริ่ม,23889
สาว,23801
เพื่อน,23737
บุคคล,23539
ครับ,23469
ถาม,23387
บ้าง,23281
พิจารณา,23191
อำนาจ,23183
’,22991
รัก,22870
วันที่,22822
ภาพ,22611
ตา,22543
ค่า,22333
ผ่าน,22201
ห้อง,22189
หนังสือ,21747
3,21742
ข้อมูล,21738
ยิ่ง,21592
ดัง,21571
เพิ่ม,21555
ทรง,21523
ตั้งแต่,21506
พ่อ,21456
ต่อไป,21374
สำคัญ,21363
เศรษฐกิจ,21354
เปิด,21352
ไหน,21337
กระทำ,21298
ตั้ง,21261
เข้าใจ,21196
ชอบ,21123
ภาษา,21093
ตรง,20993
เรียน,20966
ตอน,20897
‘,20536
รัฐ,20535
การศึกษา,20351
ก็ได้,20137
รู้สึก,20134
ขนาด,20071
เท่านั้น,19912
นั่ง,19666
เดือน,19584
ชื่อ,19580
ชาติ,19486
ผิด,19439
รัฐบาล,19384
หลัก,19348
นาน,19333
รถ,19270
จีน,19028
ฟัง,19026
เล็ก,18993
ภายใน,18874
แต่ละ,18765
ละ,18735
ต้องการ,18722
ตาย,18714
มือ,18626
หญิง,18497
เรียก,18335
รูป,18212
บาท,18176
ประชาชน,18140
ยา,18103
มนุษย์,18068
สาม,17960
ลด,17731
ผลิต,17714
ซื้อ,17651
เล่น,17636
หมด,17560
การเมือง,17481
ขาย,17427
เสนอ,17302
ปฏิบัติ,17287
ชาว,17261
พร้อม,17246
มัก,17232
รักษา,17221
เลือก,17206
อ่าน,17188
อย่างไร,17172
เขียน,17158
ก็คือ,16929
ล่ะ,16892
ระยะ,16824
ค่ะ,16766
ตลอด,16589
สู่,16404
ความคิด,16357
หรือไม่,16315
หน้าที่,16277
ราคา,16250
ประชุม,16228
5,16146
ผู้หญิง,16130
ติด,16123
ใส่,16093
ศึกษา,16079
เก็บ,16073
ชั้น,15994
เดียวกัน,15964
สิทธิ,15809
ประโยชน์,15792
คณะกรรมการ,15785
แค่,15718
เปลี่ยน,15675
ปัจจุบัน,15595
เจ้า,15586
คะ,15543
พื้นที่,15520
4,15415
วิธี,15314
ตำแหน่ง,15225
ทำไม,15194
ประจำ,15155
พยายาม,15125
เนื่องจาก,15015
โอกาส,14903
แม้,14864
สมัย,14837
อย่า,14835
ประเภท,14826
สัมพันธ์,14820
เหตุ,14777
ตอบ,14776
วัฒนธรรม,14684
ตนเอง,14656
นั่น,14644
สัก,14530
สินค้า,14528
เดิม,14508
จำเป็น,14440
เปลี่ยนแปลง,14297
ถือ,14273
เล่า,14231
ประกอบ,14206
ชนิด,14173
กระทรวง,14157
ปรากฏ,14000
แล้วก็,13997
ชาย,13943
ดำเนินการ,13919
รอบ,13888
บริษัท,13876
จังหวัด,13862
ใบ,13833
นอน,13814
ทั้งหมด,13774
สุข,13762
เกิน,13756
ครู,13715
รู้จัก,13710
โดยเฉพาะ,13617
ดังนั้น,13602
ร้าน,13562
บริการ,13560
ทราบ,13512
ประมาณ,13490
จุด,13478
ง่าย,13466
โครงการ,13326
ตัวอย่าง,13212
ข้าง,13175
ภาค,13095
เรียกว่า,13085
คืน,13083
หรอก,13080
โรค,13061
อาการ,13023
อายุ,13004
เหล่านี้,13002
พา,12984
แก,12848
แตกต่าง,12822
วิธีการ,12802
น้อง,12791
หมอ,12779
ความรู้สึก,12740
แทน,12726
ที่อยู่,12714
เชื่อ,12675
ล้าน,12609
ยาว,12573
ราชการ,12549
ครอบครัว,12532
ไหม,12469
นา,12420
เดินทาง,12410
โรงเรียน,12362
คณะ,12263
สภา,12177
สภาพ,12160
ที,12142
พรรค,12120
วัด,12110
ประกาศ,12097
นาง,12086
หัว,12063
กลาง,12000
แรง,11965
คู่,11877
ตลาด,11848
กลายเป็น,11814
จับ,11786
วิจัย,11763
แนว,11698
ข้าว,11668
หัน,11655
ไม่ว่า,11643
เฉพาะ,11642
ยก,11608
อาศัย,11591
ย่อม,11587
ชุด,11555
หนู,11521
นโยบาย,11496
/,11465
น่ะ,11410
ความรู้,11403
เท่า,11396
ยอม,11352
ราย,11323
ควบคุม,11319
ธรรมชาติ,11281
วาง,11263
ส่วนใหญ่,11260
ปกติ,11236
บริหาร,11232
ยืน,11213
ประการ,11196
สัญญา,11144
สมาชิก,11141
นิยม,11137
รอ,11068
หลังจาก,11058
ต้น,11009
สิ,10977
อนุญาต,10952
ร่าง,10945
สอน,10943
ญี่ปุ่น,10914
ทางการ,10887
เปล่า,10843
ใกล้,10825
สิบ,10804
แก้ไข,10769
เพลง,10749
พิเศษ,10724
จัดการ,10686
ปาก,10680
เป็นต้น,10669
ความหมาย,10634
บริเวณ,10561
ยิ้ม,10548
ทั้งนี้,10537
ยุค,10486
สัตว์,10484
บท,10469
รวมทั้ง,10464
เขต,10461
นอก,10460
ดูแล,10450
หาย,10445
ไม้,10426
บังคับ,10400
ยาก,10368
สาย,10307
อัตรา,10298
ได้แก่,10261
เชิง,10244
ตรวจ,10239
วันนี้,10194
สำนักงาน,10189
สัมภาษณ์,10165
จบ,10164
ทันที,10140
เจอ,10120
ยอมรับ,10092
เจ้าของ,10074
ผู้ชาย,10069
นอกจาก,10065
ชุมชน,10009
ขาด,9979
ทั่ว,9977
ยังไง,9950
อา,9932
ไง,9930
สวย,9886
เจ้าหน้าที่,9882
รายงาน,9857
ข่าว,9857
ฉบับ,9848
มิ,9846
ฐานะ,9844
สถาบัน,9831
ประธาน,9781
ปรับ,9761
โต,9740
สนับสนุน,9739
เกี่ยวข้อง,9694
แพทย์,9679
ดังนี้,9665
เสมอ,9642
หล่อน,9615
ตอนนี้,9594
เครื่อง,9582
แก้,9577
ทหาร,9571
เหลือ,9551
ระเบียบ,9513
วิเคราะห์,9502
อารมณ์,9497
แดง,9495
จิต,9472
ช่วยเหลือ,9466
ยังคง,9461
รีบ,9440
ปล่อย,9430
ขาว,9425
เหตุผล,9421
ปลา,9407
ต่างประเทศ,9398
สั่ง,9373
มิได้,9315
ร้อน,9313
ณ,9290
แบ่ง,9273
ปกครอง,9259
เน้น,9247
ประตู,9240
ถือว่า,9240
รูปแบบ,9236
ความสำคัญ,9209
เรือ,9193
หมายถึง,9180
เต็ม,9149
ธุรกิจ,9099
ชัดเจน,9063
หยุด,9059
โอ,9055
นับ,9052
อังกฤษ,9052
แยก,9040
ร่างกาย,9037
หัวใจ,9036
สนใจ,9031
อาจารย์,9026
ทั่วไป,8984
คุย,8970
ศาล,8950
ต่ำ,8939
ความผิด,8918
มหาวิทยาลัย,8912
พัก,8887
ดิฉัน,8839
ปิด,8836
สุดท้าย,8834
ต่อมา,8810
จำ,8803
มากมาย,8758
สาร,8740
แรงงาน,8732
กลัว,8721
ดำ,8714
เหนือ,8683
ใต้,8677
สี่,8673
เหตุการณ์,8671
รายได้,8647
ถนน,8636
วิ่ง,8623
ไอ้,8593
กระบวนการ,8587
ได้ยิน,8582
อธิบาย,8575
ตก,8554
วัย,8536
ทอง,8510
นึก,8476
กรุงเทพ,8469
แจ้ง,8455
เหมาะสม,8436
ดาว,8425
ที่สำคัญ,8397
ธรรม,8394
เส้น,8389
จ่าย,8344
ป่า,8330
แน่,8318
ร้อง,8297
ป้องกัน,8262
เหรอ,8241
สุด,8217
กรรมการ,8206
ปัจจัย,8194
6,8188
ทำการ,8172
0,8169
เย็น,8151
ตัดสินใจ,8149
อุตสาหกรรม,8138
คดี,8124
สายตา,8122
เร็ว,8120
คำถาม,8095
ชน,8055
ค้า,8027
หัวเราะ,8023
นอกจากนี้,8021
ทะเล,8015
ห้า,7999
พระราชบัญญัติ,7988
ศรี,7958
ที่ดิน,7954
รุ่น,7906
ตำรวจ,7897
ซี,7877
จนถึง,7861
ที่ผ่านมา,7860
พฤติกรรม,7849
กรม,7829
ทิ้ง,7818
โครงสร้าง,7809
แหล่ง,7799
เสร็จ,7797
ขณะที่,7794
เลี้ยง,7789
เก่า,7761
เพิ่ง,7750
ที่มา,7740
ตรวจสอบ,7737
ไม่ค่อย,7734
ร้อย,7733
ราช,7720
ระบุ,7712
ค่อย,7711
แก้ว,7709
รายการ,7685
เลิก,7683
ผู้นำ,7669
ความจริง,7655
คุณภาพ,7652
ศาสนา,7640
กิจกรรม,7636
ร้อยละ,7624
กิจการ,7615
อดีต,7613
เช่นนี้,7601
หนุ่ม,7591
ส่งเสริม,7583
แน่นอน,7554
ขั้น,7472
อาชีพ,7467
ข้าพเจ้า,7466
ตัด,7463
หน่วยงาน,7429
ผ้า,7415
เกือบ,7363
ก็ตาม,7362
บทบาท,7355
สถานที่,7351
ชาวบ้าน,7333
หนัง,7266
หน่อย,7263
เพศ,7215
สหรัฐ,7209
พระองค์,7208
ความสามารถ,7203
ทฤษฎี,7195
พวกเขา,7191
เกษตร,7182
ภาษี,7181
นักเรียน,7168
โทษ,7151
ไกล,7146
หมู่บ้าน,7118
ตกลง,7113
ถูกต้อง,7106
รอง,7097
แทบ,7087
หน่วย,7072
ปลาย,7072
ไฟ,7053
ยื่น,7024
เตรียม,7011
ประเด็น,7009
คำสั่ง,7004
หนี,6992
มาตรฐาน,6966
ติดต่อ,6936
เจริญ,6931
สังเกต,6908
วิชา,6866
หนัก,6859
สำนัก,6848
จิตใจ,6848
อย่างไรก็ตาม,6818
อากาศ,6815
7,6815
ประสบ,6810
เจตนา,6797
เรื่อย,6796
เลือด,6788
องค์กร,6785
ชา,6782
ดำเนิน,6766
แสน,6723
คอย,6718
คนใน,6675
ข้าราชการ,6674
ขยาย,6647
สรุป,6631
9,6611
ลอง,6606
เสื้อ,6605
น้ำมัน,6602
ห้าม,6594
หมายความ,6593
แข่งขัน,6593
มั้ย,6563
สบาย,6546
งบประมาณ,6543
สื่อสาร,6530
ช่าง,6515
เนื้อ,6508
สา,6502
ในขณะที่,6498
ทีม,6486
คล้าย,6480
ขา,6472
ทรัพย์สิน,6467
ภาวะ,6457
วรรค,6429
เอ,6378
ดิน,6371
8,6350
สวน,6350
ยาย,6341
มุม,6334
ฟ้า,6329
สงสัย,6316
ลา,6301
ผิว,6299
กว้าง,6285
เบา,6281
สงบ,6272
สั้น,6263
สื่อ,6250
บ้า,6242
เล่ม,6236
หลักฐาน,6226
ชม,6220
แปลก,6207
ทุกข์,6203
รา,6200
พัน,6199
จำกัด,6197
สาเหตุ,6197
นิติกรรม,6177
กล้า,6176
แนวทาง,6167
ลำดับ,6166
ชวน,6145
ศพ,6144
อันเป็น,6130
บ่อย,6117
พลัง,6113
ลืม,6086
บัญชี,6082
ธรรมดา,6073
ยอด,6052
แม้แต่,6051
ทั้งหลาย,6043
นายกรัฐมนตรี,6043
เมืองไทย,6036
เกินไป,6036
ย้าย,6031
เอกสาร,6026
ทำหน้าที่,6014
บันทึก,6007
คราว,6006
เอกชน,5984
ดำรง,5979
พื้น,5979
ปริมาณ,5948
เที่ยว,5939
กรรม,5926
แนวคิด,5925
ไหล,5920
เช้า,5918
โดน,5913
นก,5905
หนี้,5895
โต๊ะ,5885
ทุน,5877
กา,5859
พ่อแม่,5859
ศูนย์,5857
ช้า,5849
กี่,5843
เรียบร้อย,5841
หวัง,5839
ไร้,5838
ลุก,5820
สถาน,5802
กล่าวถึง,5801
องค์,5786
รายละเอียด,5780
เรียนรู้,5772
เดี๋ยว,5771
ชิ้น,5764
คำตอบ,5762
สถานการณ์,5761
รัฐธรรมนูญ,5761
ค่อนข้าง,5756
งาม,5754
อันตราย,5743
ประกอบด้วย,5731
โน้ต,5728
วง,5726
พิมพ์,5725
พื้นฐาน,5711
อ่อน,5705
สุ,5701
เทคโนโลยี,5698
กอง,5685
สม,5683
ดวง,5673
ป้า,5673
มั่นคง,5662
เท่ากับ,5657
ฝน,5651
ชั่วโมง,5646
ความต้องการ,5644
นคร,5643
ตะวันตก,5642
ซ้ำ,5639
ฆ่า,5634
หลวง,5634
สามี,5623
อิทธิพล,5613
พร้อมกับ,5600
ประสบการณ์,5597
ภายใต้,5596
ลึก,5588
ยาม,5581
ครึ่ง,5576
เป้าหมาย,5566
ศิลปะ,5565
สิ่งแวดล้อม,5563
งั้น,5560
กาย,5533
สุขภาพ,5508
นิ่ง,5507
แฟน,5503
ส่งผล,5477
อี,5470
ชี้,5461
ครบ,5454
ชายหนุ่ม,5448
พระเจ้า,5445
ผู้ใหญ่,5436
ฯลฯ,5433
แผน,5432
ตั้งใจ,5431
แต่ง,5426
อย่างยิ่ง,5422
เงื่อนไข,5405
เกาะ,5404
ปลอดภัย,5388
มหา,5386
แท้จริง,5380
อนาคต,5374
แต่งตั้ง,5372
ประสิทธิภาพ,5366
เปิดเผย,5364
ประวัติศาสตร์,5343
สมบูรณ์,5342
เปรียบเทียบ,5333
สาขา,5332
ชัย,5321
พ้น,5305
เงียบ,5302
อะ,5295
ผู้คน,5291
แต่งงาน,5289
เยอะ,5288
ฝัน,5270
กรุง,5258
ปลูก,5251
ฐาน,5248
ลม,5247
ซะ,5233
มติ,5231
โทรศัพท์,5229
ฝึก,5220
ละคร,5203
ก้าว,5198
แปล,5191
ภายนอก,5189
ภาพยนตร์,5180
พลังงาน,5168
แม้ว่า,5168
นั่นเอง,5157
ผลงาน,5152
สูงสุด,5149
ท้องถิ่น,5137
ผลกระทบ,5131
อาคาร,5120
ต่อเนื่อง,5119
ขณะ,5119
ชัด,5101
พอใจ,5094
ญาติ,5073
ส่วนตัว,5066
ข้าม,5052
ตี,5042
รวดเร็ว,5030
สมเด็จ,5020
ท่า,5019
สอบ,5018
นาที,5016
เหล่านั้น,5016
ให้การ,4998
อ้าง,4993
รับรู้,4981
ปรับปรุง,4974
ข้า,4973
บุญ,4969
ซา,4967
โรง,4950
ข้อความ,4944
ทำลาย,4931
สนิท,4925
เถอะ,4910
แถว,4909
เรื่องราว,4907
เข้าสู่,4905
กระจาย,4905
พวกเรา,4904
เพชร,4902
ดอก,4897
โรงพยาบาล,4887
ความเชื่อ,4879
ความสำเร็จ,4879
ประโยค,4874
พืช,4860
กลิ่น,4859
ก่อให้เกิด,4855
นักศึกษา,4851
ห่าง,4836
ดา,4822
แนะนำ,4811
ต่อไปนี้,4808
เพิ่มเติม,4803
ระ,4789
แถม,4766
บัญญัติ,4766
หลักการ,4758
เท้า,4751
ล้วน,4739
แผ่นดิน,4718
ประ,4717
สัมผัส,4714
ตลอดจน,4714
วิชาชีพ,4714
ภัย,4713
วัตถุ,4695
ที่ไหน,4691
แง่,4684
ยัย,4679
หู,4676
สมอง,4672
แขน,4653
เติบโต,4647
ดนตรี,4645
หัวหน้า,4645
ธนาคาร,4643
เพียงแต่,4641
เก่ง,4638
โบราณ,4638
ลูกค้า,4627
ทำนอง,4618
หลับ,4611
ไอ,4610
หิน,4609
ต่อสู้,4608
หมู่,4605
สะดวก,4591
พนักงาน,4585
แสง,4580
เอ่ย,4578
กระแส,4572
ยืนยัน,4571
สำเร็จ,4564
ออกแบบ,4560
ลูกจ้าง,4546
เนี่ย,4543
บางที,4534
บรรดา,4532
ก่อ,4531
รุนแรง,4531
หลักเกณฑ์,4529
คาด,4528
จากนั้น,4523
ก,4512
ติดตาม,4507
หายใจ,4505
คุณสมบัติ,4500
นำเข้า,4500
หวาน,4495
สมควร,4483
ดูเหมือน,4481
อาทิตย์,4480
กระทบ,4478
คัน,4472
โดยที่,4467
ประชาธิปไตย,4466
เรียกร้อง,4457
ภรรยา,4450
ห่วง,4441
เกษตรกร,4437
ราว,4430
มิใช่,4428
กระเป๋า,4414
อิสระ,4414
โรงแรม,4388
คอ,4386
พันธุ์,4377
เสด็จ,4374
ชำระ,4371
ฝรั่ง,4368
มุ่ง,4367
การเงิน,4362
อิน,4360
สำรวจ,4350
ยึด,4346
ย่อย,4336
เริ่มต้น,4331
เครื่องมือ,4331
สนุก,4320
ท้าย,4314
ปฏิเสธ,4302
อุปกรณ์,4295
ภายหลัง,4293
วิทยาศาสตร์,4291
โรงงาน,4291
รับรอง,4290
โดยตรง,4286
มาตรการ,4275
โกรธ,4270
ผลประโยชน์,4267
รัฐมนตรี,4267
ตื่น,4255
บิน,4252
ขั้นตอน,4248
ทา,4246
องค์การ,4244
ยิง,4241
จัดทำ,4238
สงคราม,4237
พยาบาล,4218
วิ,4216
ดึง,4214
คุ้มครอง,4212
หยิบ,4207
ท่องเที่ยว,4205
กรอบ,4197
เชียง,4190
กะ,4185
สหรัฐอเมริกา,4181
คะแนน,4178
ยุโรป,4174
เจ็บ,4165
ผู้เขียน,4161
คุณค่า,4158
พลาง,4157
คำพูด,4156
กล่าวคือ,4156
ประเมิน,4150
วา,4147
พอดี,4141
ปรึกษา,4140
จัดตั้ง,4135
กฎ,4133
แล,4131
จ้าง,4120
บทบัญญัติ,4119
ม้า,4119
วัตถุประสงค์,4118
หอม,4109
อย่างน้อย,4108
ช่อง,4098
คา,4094
เชิญ,4092
เหมือนกับ,4091
นิด,4082
จังหวะ,4081
มองเห็น,4066
รอย,4066
สะท้อน,4059
หนังสือพิมพ์,4056
อำเภอ,4054
ตาราง,4049
แตก,4043
ดอกไม้,4043
เสื้อผ้า,4036
พุทธ,4033
รึ,4033
ขน,4022
แหละ,4022
วิชาการ,4016
ชนบท,4016
จำเลย,4007
ค่าใช้จ่าย,4005
เล็กน้อย,3997
พี,3993
นาม,3990
เนื้อหา,3988
เคลื่อนไหว,3987
เค,3983
ถอน,3965
ที่ตั้ง,3963
ล้าง,3960
จนกระทั่ง,3949
ส่งออก,3947
แผ่น,3942
ความสนใจ,3942
อ,3914
ก็ดี,3907
นิ้ว,3903
รางวัล,3899
ระวัง,3898
พูดถึง,3895
คุณแม่,3895
สะอาด,3894
ชนชั้น,3893
บรรยากาศ,3889
แท้,3889
ผลิตภัณฑ์,3888
เขียว,3873
นัด,3873
ไม่ทัน,3870
ล่า,3868
ล่าง,3866
โร,3866
ขนส่ง,3862
ชั่ว,3861
ฝรั่งเศส,3857
หน้าตา,3854
อันดับ,3852
ท้อง,3849
น้ำหนัก,3847
ลอย,3843
ร้าย,3842
ปัญญา,3841
เสี่ยง,3838
ลับ,3836
การเลือกตั้ง,3823
ใส,3816
ต้นไม้,3814
แม่น้ำ,3803
ผัก,3800
ที่นั่ง,3798
หก,3795
สถานี,3787
ชนะ,3775
ฝาก,3769
พิสูจน์,3768
ดิ,3767
เต็มที่,3759
เลขาธิการ,3757
พลอย,3757
สด,3755
หมา,3753
ตัน,3752
คึกฤทธิ์,3748
ว่าง,3747
สัญญาณ,3741
สอดคล้อง,3739
หลากหลาย,3738
ริม,3733
บา,3731
ดัน,3710
นายก,3707
ข้างต้น,3706
แอบ,3695
ประชากร,3694
เทียบ,3679
ผู้ป่วย,3670
ฝีมือ,3663
ไหว,3662
สิ้น,3655
ฉะนั้น,3654
เช่นเดียว,3650
สมาคม,3645
ท่าทาง,3639
หลง,3638
ใบหน้า,3634
ขณะนี้,3627
มอบ,3627
รถยนต์,3625
คิดถึง,3616
พิธี,3613
ไฟฟ้า,3612
กด,3603
รี,3600
ทีเดียว,3595
จี,3591
ข่าวสาร,3585
พาณิชย์,3579
หมื่น,3573
อก,3563
ลูกสาว,3558
ถิ่น,3556
ลงโทษ,3549
พล,3546
ทั้งสิ้น,3544
ผี,3542
เทคนิค,3540
จำหน่าย,3540
วงศ์,3539
ฝั่ง,3538
กู,3530
เชื้อ,3529
เมีย,3527
บริโภค,3522
ลูกชาย,3521
คอร์ด,3516
เทพ,3512
องค์ประกอบ,3510
ผสม,3505
ดื่ม,3502
สติ,3501
ตอนนั้น,3499
เซ,3488
ราวกับ,3485
สอบสวน,3482
กำเนิด,3481
ปืน,3479
ดวงตา,3478
ขัด,3474
นั่นแหละ,3471
เรือน,3469
รส,3459
เลื่อน,3454
นับแต่,3453
ริ,3453
ขึ้นอยู่กับ,3452
รับผิดชอบ,3449
หนาว,3442
ติ,3437
ซ้าย,3437
ศึก,3437
ฤทธิ์,3437
ประกัน,3429
เสริม,3425
ลาย,3424
เส้นทาง,3423
อเมริกัน,3422
โทรทัศน์,3421
เตอร์,3415
ประธานาธิบดี,3412
10,3411
เค้า,3411
ละเอียด,3410
ลุง,3407
ตัวแทน,3406
วินิจฉัย,3404
ผูกพัน,3402
เช่นนั้น,3399
บิดา,3395
ผู้แทน,3394
พิษ,3392
คิดเห็น,3384
คุรุ,3380
กระดาษ,3379
เฝ้า,3376
สมรส,3375
ตะวันออก,3374
ทั้งที่,3370
ประสงค์,3368
นิ,3364
โอน,3363
อินเดีย,3363
ไร่,3360
ต้นทุน,3359
ใกล้ชิด,3356
ลิ,3354
กองทุน,3353
เมตร,3351
น่าสนใจ,3349
ทน,3349
สาระ,3348
หลาน,3344
กระตุ้น,3342
ศักดิ์,3337
ไท,3331
นั่นคือ,3329
ขอบคุณ,3328
บุตร,3327
กีฬา,3323
มารดา,3319
แล้วแต่,3314
ทะเบียน,3313
คณะรัฐมนตรี,3306
วิญญาณ,3305
สนาม,3302
ยกเว้น,3299
การลงทุน,3298
แสดงออก,3294
ขับรถ,3293
มูลค่า,3293
กลับบ้าน,3287
วาด,3276
โฆษณา,3272
จัง,3271
เพียงพอ,3270
แผนที่,3266
เอเชีย,3264
ทิศ,3263
แทนที่,3258
ตีความ,3253
สัปดาห์,3252
ความขัดแย้ง,3251
ดังที่,3250
แน่ใจ,3249
เช่า,3248
วี,3245
น้า,3245
คนเรา,3244
หุ่น,3239
สวยงาม,3235
รวบรวม,3220
เลือกตั้ง,3219
เยี่ยม,3217
บรรจุ,3217
รัชกาล,3212
บรรยาย,3210
ปา,3205
ถ่าย,3203
เห็นด้วย,3202
ไล่,3200
ซิ,3199
ทรัพย์,3193
กร,3191
เหนื่อย,3183
ไก่,3181
ความร่วมมือ,3177
ฟิลิปปินส์,3176
ทิศทาง,3173
ภูมิภาค,3170
พระมหากษัตริย์,3165
คำนึง,3162
ต่างหาก,3159
ทดลอง,3157
รับประทาน,3150
บัตร,3149
ตัดสิน,3136
จิ,3132
อเมริกา,3123
หลบ,3122
ปฏิบัติงาน,3115
น่ารัก,3114
สร้างสรรค์,3110
ถวาย,3107
คนไข้,3104
เหมาะ,3104
แพง,3104
ผลผลิต,3097
ลงทุน,3094
เร่ง,3093
ระบอบ,3093
เกณฑ์,3092
ยู,3090
อิ,3088
ข้างหน้า,3086
จง,3085
น้ำท่วม,3076
ข้อเท็จจริง,3073
ถุง,3072
สตรี,3069
เรียง,3064
แพ้,3063
โด,3059
วิทยา,3058
ความเสียหาย,3058
ทรัพยากร,3056
เยาวชน,3055
พี่น้อง,3043
บ้านเมือง,3037
อาวุธ,3035
ปฏิบัติการ,3034
หุ้น,3033
แข็งแรง,3031
ก้าวหน้า,3030
ประเพณี,3028
พร,3027
เจรจา,3024
นัย,3022
สืบ,3018
โค,3015
ขนม,3014
สู้,3013
สมาธิ,3012
นึกถึง,3008
นับถือ,3003
ตึก,2997
คำนวณ,2993
ศิลปิน,2991
จอด,2990
ฟัน,2989
ทำเป็น,2988
ตกใจ,2987
วางแผน,2984
สมัยใหม่,2982
เท่าไหร่,2979
โดยทั่วไป,2967
นอกจากนั้น,2967
พุทธศาสนา,2966
นิสัย,2960
น้ำตาล,2958
ฉาก,2957
กุ้ง,2952
ปรารถนา,2951
อนุมัติ,2949
ชาวนา,2944
สยาม,2943
เวที,2943
คลื่น,2942
เห็นชอบ,2940
สวม,2937
เศร้า,2935
ปวด,2930
โปรด,2927
เสรีภาพ,2920
ลำ,2919
ตรงนี้,2917
โม,2914
ฟ้อง,2912
โครง,2908
เรียบ,2904
สัน,2904
ประมวล,2900
เตือน,2899
ขยายตัว,2899
ทุกวันนี้,2897
เกม,2896
ความเป็นจริง,2891
ปฏิรูป,2887
อด,2884
มอบหมาย,2881
ช้าง,2878
เต้น,2876
เงินเดือน,2875
ทั้งนั้น,2872
นายจ้าง,2871
ประสาน,2866
อาญา,2862
ฉาย,2862
เตียง,2860
ผู้นั้น,2857
น้ำเสียง,2857
คอมพิวเตอร์,2856
ยินดี,2854
ทราย,2853
วงการ,2852
ขอบ,2851
ตู้,2849
วะ,2849
คำพิพากษา,2843
ดำเนินงาน,2843
ทาน,2835
โน,2831
เฉย,2831
ทดสอบ,2830
ยุติธรรม,2829
วิทยุ,2828
ทำร้าย,2828
ชิ,2827
ถ้าหาก,2823
ทศวรรษ,2822
แต่งตัว,2822
รี่,2814
โจทก์,2811
ศีรษะ,2807
ตัวเลข,2806
สว่าง,2806
ผู้อำนวยการ,2804
สีหน้า,2802
เร,2801
ภาระ,2793
สหกรณ์,2790
เสรี,2789
แลกเปลี่ยน,2781
หมาย,2779
อธิบดี,2778
ลบ,2778
ร้องไห้,2774
ต่อต้าน,2770
วัง,2769
ผู้บริหาร,2768
เจ,2759
ประวัติ,2754
พึง,2753
ราม,2751
อร่อย,2745
จาน,2745
จริงจัง,2742
เพราะว่า,2736
เม็ด,2733
ท่อ,2731
ปรับตัว,2727
กล่าวหา,2719
สาธารณะ,2718
มั่นใจ,2709
ก่อสร้าง,2709
ปู,2708
แห้ง,2704
หลังจากนั้น,2704
เหลือง,2701
สัญลักษณ์,2701
กลไก,2699
เพราะฉะนั้น,2697
ไหว้,2695
จันทร์,2694
เคารพ,2694
รูปร่าง,2692
กษัตริย์,2692
ก้ม,2692
พยัก,2692
สะสม,2686
ลี,2685
ใช้งาน,2684
สัดส่วน,2664
ขวา,2664
แนวโน้ม,2662
หลักสูตร,2658
ดอกเบี้ย,2657
ตอบแทน,2655
การคลัง,2655
อยุธยา,2655
พยาน,2652
พม่า,2652
ยินยอม,2651
ทัน,2647
บุรี,2647
ชัก,2642
ไข่,2638
โท,2636
หมู,2635
บุคลากร,2634
ชื่อเสียง,2632
บ่น,2630
เอก,2626
ตำนาน,2623
เผา,2623
มิให้,2618
ฟื้นฟู,2618
ส่วนร่วม,2613
ที่แล้ว,2612
ข้อตกลง,2611
ถ่ายทอด,2611
ตัวละคร,2610
เบื้องต้น,2608
นาฬิกา,2600
แน่น,2598
สูญเสีย,2594
ลำบาก,2590
ลาน,2584
กระ,2581
ดับ,2581
สมัคร,2581
ยิ่งใหญ่,2580
ก๊าซ,2580
มีอายุ,2577
นิทาน,2575
ตระหนัก,2572
ภูมิ,2572
แสวงหา,2571
โทร,2571
มืด,2570
ดีใจ,2563
พี่ชาย,2562
ฤดู,2561
แย่,2558
ตรงข้าม,2557
แต่ว่า,2555
นี,2551
รอยยิ้ม,2544
เฉลี่ย,2542
อาทิ,2541
ระเบิด,2540
รองเท้า,2536
บันได,2536
กังวล,2535
เชื่อมโยง,2533
หลุด,2530
เหลือเกิน,2528
ขับ,2527
ชิน,2520
แปลง,2519
ได้ที่,2519
ยากจน,2518
มหานคร,2510
ผู้ปกครอง,2508
คุม,2507
วัยรุ่น,2504
ปรากฏการณ์,2503
โซ,2503
ผู้ใช้,2503
รัฐสภา,2500
สื่อมวลชน,2498
เผยแพร่,2498
ถัด,2497
คลอง,2495
ยกเลิก,2493
ตื่นเต้น,2492
หัก,2490
เก้าอี้,2490
อักษร,2489
ค,2486
ย่า,2485
แปด,2482
ปฏิวัติ,2481
ป่วย,2480
ซัก,2479
แขก,2478
ถึงกับ,2477
นิตยสาร,2476
ปู่,2475
ประสาท,2473
เกียรติ,2470
ทอด,2470
น้ำตา,2468
ปราศจาก,2463
โชคดี,2462
กว้างขวาง,2461
กำจัด,2461
ตุลาคม,2459
ผู้จัดการ,2451
จดหมาย,2446
ผู้บริโภค,2446
ดินแดน,2444
พระยา,2444
พูดคุย,2443
ขยับ,2443
เจ็ด,2442
เสียก่อน,2441
ศูนย์กลาง,2437
สนทนา,2433
เสือ,2432
ล้ม,2430
เด็ดขาด,2429
ตกเป็น,2428
ขี้,2426
เซลล์,2425
ตรา,2422
ตะ,2419
ภาคใต้,2417
ประกอบการ,2411
ลาว,2410
ยะ,2407
กางเกง,2406
เอส,2405
วาระ,2403
เบื่อ,2400
รถไฟ,2400
ชาติไทย,2395
ใกล้เคียง,2394
สิ้นสุด,2391
ขอโทษ,2389
วรรณคดี,2389
โล,2389
ตำบล,2383
รอด,2381
เดี๋ยวนี้,2380
ซอย,2371
แผล,2368
เครือข่าย,2367
บุหรี่,2363
หนา,2359
เติม,2356
โก,2355
หัวข้อ,2353
เข้ม,2353
คว้า,2350
กิ,2349
ศีลธรรม,2347
จารึก,2347
เศษ,2346
ใช้ได้,2345
หล่อ,2345
ลักษณ์,2342
ผลไม้,2341
หญ้า,2339
คอมมิวนิสต์,2337
แถบ,2336
หลีกเลี่ยง,2336
เท,2336
สภาวะ,2335
โย,2332
ล่วงหน้า,2331
จดทะเบียน,2329
รู้ตัว,2328
เชื่อม,2328
บาดเจ็บ,2328
เล,2327
ระบาย,2325
หมายเลข,2324
อบรม,2323
ข้อบังคับ,2320
ปลัด,2319
ทั้งคู่,2319
ตะโกน,2317
เม,2314
แข็ง,2310
กองทัพ,2307
บี,2304
หมวด,2303
อาเซียน,2303
ท่ามกลาง,2301
ค้าง,2301
เหล้า,2299
กอด,2298
ตัวแปร,2297
หารือ,2296
ริน,2296
สวรรค์,2296
จา,2294
ธิ,2292
ทำท่า,2286
คุณหมอ,2285
พรรคการเมือง,2283
กันและกัน,2283
ปัก,2283
ชิง,2283
เหล็ก,2282
เดือดร้อน,2281
ออกเสียง,2281
ถัง,2280
สั่น,2279
คัดเลือก,2277
ก้อน,2276
โปรแกรม,2274
อุปสรรค,2272
มิติ,2270
แต่อย่างใด,2270
โมง,2267
เหรียญ,2266
เจ้านาย,2263
ปรกติ,2256
ตอบสนอง,2256
ราชอาณาจักร,2251
อนุรักษ์,2251
รายจ่าย,2250
บวก,2246
20,2244
เครื่องหมาย,2243
เศรษฐศาสตร์,2242
ฉลาด,2235
เด่น,2235
ประพฤติ,2234
สิทธิ์,2230
ที่จริง,2229
ขอบเขต,2228
คม,2222
เอ็ม,2222
จมูก,2221
จนกว่า,2218
คนงาน,2218
ศตวรรษ,2216
นับว่า,2214
พระพุทธเจ้า,2214
บทความ,2213
ปั้น,2213
ครอบครอง,2212
ศัตรู,2210
ทักษิณ,2210
ผูก,2210
จอมพล,2209
กำลังใจ,2204
กระจก,2203
ทุนนิยม,2198
กุล,2197
บรรลุ,2193
ทดแทน,2192
กำไร,2192
ราษฎร,2190
ค่าจ้าง,2188
มุก,2185
นิยาม,2183
เชื่อมั่น,2179
งดงาม,2178
ถึงแม้,2177
ครัว,2175
ขยะ,2172
เหยื่อ,2171
อวัยวะ,2170
รองรับ,2165
เป็นไร,2165
เห,2163
บ่าย,2161
เบอร์,2156
ชี้แจง,2155
สูบ,2155
อากร,2152
สากล,2151
ขณะเดียวกัน,2150
รุ่ง,2150
กันเอง,2148
กัด,2147
แข่ง,2147
จำคุก,2147
กฎหมายแพ่ง,2144
เครื่องบิน,2143
ข่าย,2143
ขอรับ,2140
ที่ปรึกษา,2140
ตระกูล,2139
เว้นแต่,2137
เน,2137
มีชื่อ,2136
กิจ,2136
จริยธรรม,2135
สระ,2134
ผ่าตัด,2133
ทางเลือก,2131
เสียหาย,2131
นักการเมือง,2127
ชื่อว่า,2126
แฟชั่น,2125
พระบรม,2125
โชว์,2115
ประหยัด,2115
อบอุ่น,2115
ถ้อยคำ,2111
กู้,2108
เพียงใด,2106
ลาก,2106
ป้าย,2106
สบายใจ,2105
เหล่า,2105
ตำรา,2101
สมบัติ,2100
นี่แหละ,2100
ล่าสุด,2098
ค้นพบ,2097
เมื่อไหร่,2096
จัดหา,2095
ย,2092
นม,2091
ผู้ผลิต,2090
ย้ำ,2090
ชู,2089
กวี,2085
วิจารณ์,2082
น,2080
เสียใจ,2080
ธันวาคม,2073
ชั่วคราว,2073
เข้มแข็ง,2071
ค่ำ,2071
15,2070
พรุ่งนี้,2067
พิพากษา,2064
สบ,2064
นี้เอง,2061
ประชาธิปัตย์,2060
มีเสียง,2058
ศักยภาพ,2058
รู,2057
ผืน,2055
เบิก,2053
ค่านิยม,2053
สถิติ,2052
ยาง,2051
ผิวหนัง,2046
ล้อ,2045
มีด,2044
ความพยายาม,2043
กล้ามเนื้อ,2042
ความดี,2042
ความรุนแรง,2042
ประมง,2042
ยาเสพติด,2040
เสื่อม,2040
จัดสรร,2040
ความรับผิดชอบ,2037
ขวบ,2037
ลาออก,2032
ข,2032
กลางวัน,2026
เผชิญ,2024
สังกัด,2024
นอกเหนือ,2017
เทียน,2016
ยุ่ง,2013
มึง,2013
พุ่ง,2009
พฤษภาคม,2009
วิน,2009
ชั่น,2008
หมุน,2008
สาธารณสุข,2008
คลอด,2008
วัสดุ,2006
พระราชทาน,2004
ลัทธิ,1999
ฝึกอบรม,1998
ด่า,1995
สูตร,1994
ทับ,1993
อุบัติเหตุ,1990
อุดมศึกษา,1989
ดั้งเดิม,1987
ไร,1987
ห้องน้ำ,1986
เคลื่อน,1985
ส่าย,1984
คิ้ว,1981
อาย,1977
ผิดพลาด,1974
นักวิชาการ,1972
เสา,1972
ไหม้,1970
หน้าต่าง,1967
ครอง,1965
ประดับ,1965
พอสมควร,1964
มายัง,1962
งง,1962
อนุกรรมการ,1962
ตรงกันข้าม,1961
เงา,1961
จัดงาน,1959
ดอลลาร์,1959
ขวด,1957
ซ่อน,1954
ครอบคลุม,1954
ปกป้อง,1954
บริสุทธิ์,1951
รัฐมนตรีว่าการ,1951
เข้าถึง,1951
ย่าง,1950
คุ้นเคย,1949
แปลกใจ,1949
พักผ่อน,1945
ครรภ์,1945
เพียงแค่,1944
วินัย,1943
บำบัด,1943
กล้อง,1940
นักท่องเที่ยว,1938
เชียว,1937
กาแฟ,1936
เผย,1936
กำแพง,1934
ร่วมมือ,1934
กลางคืน,1933
เท่าไร,1931
สงสาร,1930
พร้อมทั้ง,1929
ซ้อน,1929
เกลียด,1923
มิตร,1923
ชื่นชม,1922
ขบวนการ,1922
นักวิจัย,1917
จิตวิทยา,1916
กริยา,1915
ค้นหา,1912
เที่ยง,1909
บัว,1906
ฮะ,1906
ส่วนมาก,1905
กระดูก,1905
สเปน,1905
รบ,1905
ธาตุ,1900
ดารา,1899
0,1898
อาบน้ำ,1898
เออ,1898
ศุลกากร,1894
คู่กรณี,1893
ศาสตราจารย์,1892
แดด,1891
กล่อง,1890
วินาที,1888
ซื้อขาย,1888
ครัวเรือน,1888
สะพาน,1887
จะเห็นได้ว่า,1887
เป็นอัน,1883
ทาส,1881
โจมตี,1880
พลิก,1879
ข้อสังเกต,1878
พระพุทธศาสนา,1875
กระทำการ,1874
ตัก,1872
แผนการ,1871
มะ,1868
บาน,1868
เจ็บปวด,1865
จ้อง,1862
แมน,1862
ทันสมัย,1861
รัฐวิสาหกิจ,1857
12,1856
ส่อง,1854
ไขมัน,1853
อภิปราย,1850
กำกับ,1850
ผู้ทรง,1848
เปอร์เซ็นต์,1846
ประเมินผล,1846
ซับซ้อน,1845
ยักษ์,1842
แวะ,1841
คำแนะนำ,1840
นึง,1840
มูลนิธิ,1839
อ้าว,1839
ต้อนรับ,1838
ทีละ,1838
ขุน,1838
ยศ,1836
วุ่นวาย,1835
แกล้ง,1835
ฝัง,1834
สำนวน,1831
อพยพ,1826
ไหล่,1825
ว่าความ,1824
มกราคม,1824
อุดหนุน,1823
ยาวนาน,1820
ร้ายแรง,1819
คำขอ,1819
เหมือนเดิม,1817
ปรัชญา,1815
ศรัทธา,1814
กระโดด,1814
อุดมการณ์,1811
ยี่สิบ,1811
พัด,1811
ผู้สื่อข่าว,1809
นนท์,1809
มีนาคม,1809
นุ,1809
ถอด,1809
ระมัดระวัง,1806
ผู้ช่วย,1804
เลข,1803
ศาสตร์,1801
ความหวัง,1799
เจาะ,1799
ภารกิจ,1797
พิ,1795
ส้ม,1794
ใช้จ่าย,1794
คบ,1794
เสมือน,1793
เครียด,1793
มงคล,1792
แมว,1787
ชุมนุม,1786
เจ้าหญิง,1786
หลอก,1784
ทบทวน,1783
แวว,1783
ลงมือ,1781
พนัน,1781
จินตนาการ,1781
ตกแต่ง,1780
ราศี,1780
เชื้อเพลิง,1779
เท่าเทียม,1779
สวัสดิการ,1777
30,1775
กุมภาพันธ์,1774
งบ,1772
บริจาค,1772
คำอธิบาย,1770
ถ้วย,1770
กลม,1767
อุป,1765
ศาลฎีกา,1764
นักเขียน,1763
จัก,1762
ศัพท์,1762
สิงคโปร์,1762
หอย,1759
อีตา,1759
ที่รัก,1758
หน,1756
เท่าใด,1754
สดใส,1752
สับสน,1751
ระงับ,1751
ปราบปราม,1750
ผลักดัน,1750
ลูกหลาน,1746
หนอง,1745
ต้า,1745
ช้อน,1744
มลพิษ,1744
บังเอิญ,1743
สถานภาพ,1737
อายุความ,1736
สูงอายุ,1735
ท่าที,1734
แชมป์,1733
ปฏิกิริยา,1730
มาร์,1728
ข้อเสนอ,1724
นับตั้งแต่,1723
พิการ,1723
ต้ม,1719
หิว,1718
สนอง,1716
ว่าที่,1716
สลับ,1713
ย้อน,1711
กรกฎาคม,1710
เมตตา,1710
ขัดแย้ง,1707
แก้ม,1707
จูงใจ,1705
ออกกำลังกาย,1704
เดา,1704
ลิ้น,1702
พนักงานเจ้าหน้าที่,1701
สำนึก,1701
เมษายน,1700
อ้วน,1699
แดน,1698
มะเร็ง,1697
คุณธรรม,1696
ซู,1696
ฝูง,1695
จับกุม,1693
ตอนแรก,1693
ลึกซึ้ง,1693
อดทน,1692
รัตน์,1692
เอ็น,1692
ประหลาด,1691
กาล,1690
ตอบโต้,1689
เยอรมัน,1687
กุหลาบ,1686
ตลก,1686
พระบาทสมเด็จ,1686
ขวัญ,1685
จี้,1685
เจ้าชาย,1683
มณี,1681
เผ่า,1680
ผสมผสาน,1680
อำนวย,1680
ผนัง,1677
ผู้ฟัง,1671
ประทับใจ,1671
ประกาย,1671
ทุ่ม,1670
สมมติ,1670
อัล,1669
พ่อค้า,1669
ชรา,1668
ยืด,1666
ลมหายใจ,1665
คณะกรรมาธิการ,1664
ชายแดน,1663
ไซ,1662
อุณหภูมิ,1662
สนุกสนาน,1662
เอ่อ,1660
กันยายน,1659
อ้อม,1659
มื้อ,1658
ดุ,1657
ชอบธรรม,1656
ย่าน,1652
ภูเขา,1650
ผู้ประกอบการ,1650
เก้า,1650
ศิริ,1648
เนื่องมาจาก,1647
พึ่ง,1645
พงษ์,1645
อภิสิทธิ์,1644
จด,1642
รายชื่อ,1641
วรรณกรรม,1641
วัว,1639
ยกย่อง,1637
รัง,1634
สม่ำเสมอ,1633
เลี้ยงดู,1633
ครู่,1633
กฎกระทรวง,1630
เรียว,1630
บำรุง,1629
ทัศนคติ,1629
ชมพู,1628
น่าเชื่อ,1627
กระทั่ง,1627
รัสเซีย,1627
ทำบุญ,1625
แจก,1625
อนุ,1624
ล้อม,1624
เฮ,1624
คอลัมน์,1623
ด้วยเหตุนี้,1622
ไว,1621
บ่อ,1621
ประพันธ์,1621
ทักษะ,1620
คัดค้าน,1620
ประชา,1620
องศา,1618
มัว,1618
ทำตัว,1615
รวมตัว,1614
พลาด,1614
การ์ตูน,1614
สิ่งของ,1612
รับผิด,1611
เกรง,1608
บัดนี้,1607
หาง,1607
ขี่,1606
กุศล,1605
เปลือก,1605
มหาดไทย,1604
ทารก,1603
ในที่สุด,1602
ต่างชาติ,1602
ค่าย,1600
ขโมย,1598
ร่วง,1597
ดวงอาทิตย์,1596
ยุ,1595
ห่อ,1595
กิโลเมตร,1595
เอกลักษณ์,1593
แค่นี้,1592
เยือน,1591
อิ่ม,1590
โค้ง,1590
สมการ,1590
ริมฝีปาก,1589
ขบวน,1585
บันเทิง,1584
สะ,1584
เว็บ,1582
สภาผู้แทนราษฎร,1581
นิติบัญญัติ,1581
ของเสีย,1580
ผู้บังคับบัญชา,1578
ต่างด้าว,1578
สถานะ,1576
ทุ่ง,1576
แกน,1576
ที่พัก,1575
ต้องหา,1575
ผู้แต่ง,1575
ผู้เชี่ยวชาญ,1573
เสน่ห์,1573
ตัวเรา,1571
สภาพแวดล้อม,1570
ประมาท,1570
รบกวน,1568
อักเสบ,1567
ซอง,1566
ครั้น,1563
ร้องเพลง,1562
แบรนด์,1562
พฤศจิกายน,1562
ธี,1561
สอบถาม,1561
แหลม,1560
ยกมือ,1560
แคบ,1558
สีสัน,1557
เป้า,1556
ในขณะเดียวกัน,1555
คนรัก,1554
ลั่น,1552
ก่อนหน้านี้,1550
มี่,1547
แป้ง,1545
จ๊ะ,1545
ศึกษาธิการ,1543
เวียน,1538
จำแนก,1535
11,1534
โปร,1533
คิว,1532
ฉลอง,1529
เลว,1525
หนทาง,1524
ปน,1523
ซ่อม,1522
ทัศนะ,1521
เลิศ,1518
สน,1515
แบบจำลอง,1515
ตัวผู้,1514
ญา,1511
วงจร,1509
ร้องขอ,1508
ทรมาน,1507
กระบอก,1507
เผลอ,1507
สุโขทัย,1506
มุสลิม,1505
กฎเกณฑ์,1505
ละเมิด,1504
สมัยก่อน,1503
เปน,1503
ตบ,1502
น่ากลัว,1502
ต่อเมื่อ,1501
มิถุนายน,1500
ลัก,1498
อร,1498
ตีพิมพ์,1496
ทะ,1494
วร,1494
ธานี,1493
คุณวุฒิ,1493
วุฒิ,1492
ประชาสัมพันธ์,1492
เอฟ,1491
ประทับ,1491
ใส่ใจ,1490
พระบาทสมเด็จพระเจ้าอยู่หัว,1490
โผล่,1490
วิถี,1489
ประสานงาน,1488
ถอย,1488
น้องชาย,1488
ไข้,1488
ทว่า,1487
รสชาติ,1487
ขุด,1486
คอน,1485
วันหยุด,1484
ถาวร,1484
อ่อนโยน,1483
ปลอม,1483
อุ,1483
ประดิษฐ์,1480
ทั้งปวง,1479
คาดหวัง,1477
วรรณ,1477
อาร์,1475
ถนัด,1475
ด้อย,1474
คุณปู่,1474
ยั่งยืน,1472
สารเคมี,1472
สมดุล,1470
มรดก,1468
ตัวอักษร,1468
ซี่,1468
สามสิบ,1467
อย่างไรก็ดี,1467
หมั้น,1466
เฉลิม,1465
หลุม,1465
แผนก,1461
แย่ง,1460
ก้อง,1460
แต่ก่อน,1459
ราชา,1459
รวย,1458
แบบแผน,1458
จอ,1456
คลาย,1455
ทีวี,1454
ทะเลาะ,1454
ง,1454
กวน,1453
เอียง,1453
ลิน,1453
มหาชน,1451
ดีแล้ว,1451
ฮา,1451
แก่น,1450
ค้นคว้า,1450
ผู้สมัคร,1448
กุญแจ,1447
แอล,1446
ราชวงศ์,1446
ระยะทาง,1445
วิถีชีวิต,1445
มาเลเซีย,1444
ก่อนหน้า,1444
เอ็ด,1444
อาชญากรรม,1443
เป็นต้นมา,1443
เดี่ยว,1443
อนุสัญญา,1443
ดำเนินคดี,1441
เฮ้ย,1440
เมา,1440
โง่,1439
จักร,1437
ภูมิใจ,1435
คู่สมรส,1434
ทักทาย,1434
ไต,1434
โน่น,1432
เงย,1432
เพื่อนบ้าน,1431
ทางออก,1429
ควาย,1429
จม,1428
กลาย,1426
เวช,1426
สไตล์,1425
เด,1425
ประกวด,1424
ผิดหวัง,1424
แกะ,1423
นิดหน่อย,1423
เอ็ง,1423
สำเนา,1422
อ้อ,1421
นี่เอง,1420
ทุจริต,1419
สิงหาคม,1419
ถ่ายรูป,1418
นานา,1417
อนามัย,1416
คัด,1416
เหมา,1416
ปรา,1415
หลังคา,1412
เงินได้,1412
โมฆะ,1411
รำ,1410
สิงห์,1408
ขำ,1407
จักรยาน,1406
ไผ่,1405
โยน,1405
ชำนาญ,1403
ผู้ต้องหา,1401
ท้องฟ้า,1401
โก้,1398
ดังเช่น,1398
ต่อว่า,1397
เกษตรกรรม,1396
หอ,1396
ย่อ,1395
ชิด,1394
ดูด,1394
ขาดแคลน,1393
โชค,1393
ออม,1392
ค่าเช่า,1392
ทอ,1392
ซึม,1391
ทูต,1390
แทรก,1387
จ,1387
อีสาน,1384
เวียดนาม,1384
ความเร็ว,1382
ล้มเหลว,1382
สักหน่อย,1381
เทศบาล,1380
บูชา,1380
ถึงแม้ว่า,1379
ลิง,1379
พระเอก,1379
สนามบิน,1377
ทองคำ,1377
คุณหญิง,1377
เข็ม,1376
รับทราบ,1376
สามัญ,1376
ฟุตบอล,1376
ทุกที,1376
ข้างใน,1375
โล่ง,1373
พะเยา,1372
แกม,1369
จาง,1368
แม้กระทั่ง,1367
ภาคเหนือ,1367
โน้น,1367
ขัง,1365
ยุติ,1365
แฝง,1364
นวด,1362
เคลื่อนที่,1362
เอาแต่,1360
ข้างนอก,1359
ฉุกเฉิน,1357
ศักดิ์สิทธิ์,1355
บีบ,1355
สงค์,1355
ข้อสรุป,1354
บุก,1354
ปรุง,1353
ด่วน,1353
ค้น,1351
นักร้อง,1349
อ่อนแอ,1349
ควัน,1347
รูปทรง,1343
หงุดหงิด,1343
ฉีด,1343
ทัก,1342
สาน,1341
นุ่ม,1341
ท่อน,1338
บาร์,1338
ขีด,1337
วน,1337
เกอร์,1337
ส่วนรวม,1336
ผู้ตาย,1336
ประกันภัย,1335
ทวีป,1334
สุร,1334
ถึงขนาด,1333
เกี่ยว,1332
ตรัส,1332
แพร่หลาย,1328
สวด,1327
นานาชาติ,1324
ผู้ชม,1324
ขวาง,1323
ตุ๊กตา,1323
ก็แล้วกัน,1323
วาน,1322
สืบสวน,1321
สิริ,1321
ผัด,1321
เจ้าพนักงาน,1320
มั้ง,1319
เสาร์,1319
มูล,1319
เชื่อถือ,1319
หลอดเลือด,1318
สุจริต,1318
รับใช้,1318
14,1318
ความถี่,1318
เว้น,1317
วงเงิน,1317
ครบถ้วน,1316
ในขณะนั้น,1316
งู,1315
พิพิธภัณฑ์,1314
กึ่ง,1314
พึ่งพา,1313
กับข้าว,1313
ฟรี,1313
ประมวลกฎหมาย,1312
สกุล,1312
นพ,1312
มหาศาล,1312
หัด,1311
สถาปัตยกรรม,1311
อาณาจักร,1310
เงินกู้,1309
สำรอง,1308
ข้อจำกัด,1308
ราก,1307
ทีนี้,1307
มารยาท,1306
ทางเดิน,1305
ซาน,1301
พระนาง,1300
วัตถุดิบ,1299
สิน,1298
ยุทธศาสตร์,1298
เตรียมตัว,1298
ภู,1298
ปอด,1298
อิเล็กทรอนิกส์,1295
คริสต์,1292
อ้างอิง,1292
เข่า,1292
นายทุน,1292
แนะแนว,1292
ตอบรับ,1291
เจ้าฟ้า,1290
เสียดาย,1289
ท้าทาย,1289
เงินทุน,1289
แผ่,1288
ออสเตรเลีย,1287
สลาย,1286
ต่อหน้า,1285
เดช,1285
อย่างเช่น,1285
ปลุก,1285
ทำเอา,1284
วุฒิสภา,1284
พงศ์,1283
อ้าย,1283
เปรียบ,1282
ออ,1282
ศิลป์,1282
แถลง,1281
รัฐศาสตร์,1281
เช็ค,1280
เนื่อง,1279
ของขวัญ,1278
ช่องทาง,1278
เกาหลี,1277
เห็นใจ,1273
แตะ,1273
จิน,1272
เซอร์,1272
บ,1270
พลาสติก,1268
กุญแจเสียง,1267
เลขานุการ,1266
อึ้ง,1265
ธุระ,1265
รับจ้าง,1265
วิเศษ,1264
ลอ,1264
ผู้ว่าราชการ,1263
ทิพย์,1263
แซม,1263
สติปัญญา,1262
จอม,1262
ภา,1261
ค้าขาย,1261
ดาบ,1260
อ่ะ,1260
หาด,1259
ปราสาท,1259
เป็นต้นไป,1256
แหม,1256
ชล,1256
นิติบุคคล,1256
สมุด,1255
ชายฝั่ง,1255
ให้ออก,1253
ครีม,1253
ความมั่นใจ,1252
เมล็ด,1252
ยาน,1251
ปีก,1251
ก่อตั้ง,1250
ลูกหนี้,1250
สังคมนิยม,1249
ยืม,1248
รั้ว,1247
เลีย,1247
ตรงกัน,1246
ต่อรอง,1245
น้ำใจ,1245
ใบไม้,1244
ขุนนาง,1244
ท้องที่,1242
เด็กชาย,1241
ต่างจังหวัด,1241
คลุม,1241
พูดจา,1240
ทรัพยากรธรรมชาติ,1239
เข้าหา,1238
แอน,1237
เศรษฐี,1236
นักกีฬา,1236
อืม,1235
อัด,1234
แปร,1234
คมนาคม,1234
เอื้อ,1232
คล้ายคลึง,1232
กราบ,1230
ยุบ,1230
เมื่อใด,1229
ห้าง,1229
สุก,1229
ผัว,1228
ประยุกต์,1227
วิกฤติ,1226
รูปธรรม,1225
เจ้าพระยา,1224
แล่น,1224
บันดาล,1223
เมฆ,1222
เฮ้อ,1222
จุฬาลงกรณ์,1221
เบื้องหลัง,1220
วัฒน์,1220
ด้านหน้า,1219
ขจัด,1218
เลยทีเดียว,1217
เจ้าตัว,1217
บริหารงาน,1216
พิทักษ์,1216
เน็ต,1216
อึดอัด,1215
ม่วง,1213
จักรวาล,1213
มาริ,1213
เคลื่อนย้าย,1212
คุ้ม,1211
กู้ยืม,1211
โอ๊ย,1211
บ่,1211
ประหาร,1210
16,1209
ดัชนี,1209
อุทธรณ์,1206
จอง,1206
ตาก,1204
พอเพียง,1204
พลเรือน,1204
เวร,1204
ประท้วง,1203
วิกฤต,1203
โบ,1203
สงเคราะห์,1202
ก้น,1202
ฝ่ายค้าน,1201
ใหญ่โต,1200
บัณฑิต,1200
สมุนไพร,1199
วาท,1199
กั้น,1197
คนร้าย,1194
ทัพ,1194
โจร,1194
ครอบงำ,1193
ภริยา,1193
ทัวร์,1192
พริก,1192
ร่า,1192
แหง,1191
13,1190
ประมูล,1190
แลก,1190
ขยัน,1189
เหงา,1189
หม้อ,1188
เกล้า,1188
งา,1187
มั่น,1186
สงครามโลก,1186
ดวงจันทร์,1186
เขิน,1185
สุวรรณ,1185
เขมร,1184
โรม,1183
เอื้อม,1183
เขื่อน,1182
ทิ,1182
ศีล,1182
ดอน,1181
ยี่ห้อ,1180
เคาะ,1180
ชะงัก,1180
เอาชนะ,1178
ผู้โดยสาร,1177
รับราชการ,1177
ระวาง,1176
เกลือ,1176
นวนิยาย,1176
เครือ,1175
เลี่ยง,1175
แหวน,1175
บาป,1174
บารมี,1172
กัมพูชา,1172
ส่งเสียง,1171
น้ำเงิน,1170
เมเจอร์,1170
ทัศน์,1170
โกหก,1168
อาวุโส,1168
อิตาลี,1167
ได้เสีย,1167
ขอร้อง,1167
บก,1166
ตามใจ,1166
กระซิบ,1166
คติ,1166
คิ,1165
แววตา,1164
ดัดแปลง,1164
เข้มข้น,1164
นวล,1162
จราจร,1162
อุ่น,1162
เซ็น,1161
ลวดลาย,1161
เทศกาล,1160
แคน,1160
สวัสดี,1160
กวาด,1158
ซ้อม,1158
เสพ,1158
พื้นบ้าน,1157
18,1156
ปีงบประมาณ,1156
เพิกถอน,1152
วิตามิน,1152
แพร่,1152
พันธ์,1150
โบสถ์,1150
เน่า,1150
พิธีกรรม,1150
ภพ,1148
แนบ,1147
คำปรึกษา,1145
คนจน,1145
เปื้อน,1145
ความพร้อม,1144
ขู่,1142
เสียที,1141
ร่ม,1141
รังสี,1140
อังคาร,1139
กรี๊ด,1139
รากฐาน,1137
อินโดนีเซีย,1137
อันดี,1133
กรุณา,1133
ปอนด์,1132
จุดมุ่งหมาย,1132
ภาคกลาง,1131
ที่นอน,1131
สุภาพ,1131
ล้ำ,1130
บีม,1130
สกปรก,1129
ชาม,1127
โจ,1127
รำคาญ,1127
ปาน,1125
มั่ง,1125
รั่ว,1124
สินเชื่อ,1124
ชี,1124
ขณะนั้น,1123
เครื่องจักร,1123
แอร์,1122
สันติ,1122
เด็กหญิง,1122
ร,1122
คอล,1121
เสถียรภาพ,1121
แบก,1120
เจน,1119
กุ,1119
โปรดเกล้า,1119
ย้อนกลับ,1118
เจ็บป่วย,1117
ว่ายน้ำ,1117
จำต้อง,1116
อุ้ม,1115
ป้อม,1114
ผู้ว่า,1113
สุดยอด,1113
ดึก,1113
ไอค์,1113
ยุ่งยาก,1112
บรรเทา,1112
ไว้วางใจ,1111
เจ้าหนี้,1111
เผด็จการ,1110
ฝา,1110
การณ์,1110
นางเอก,1109
สุนัข,1109
สัม,1109
สมุทร,1108
จู,1108
ท้าว,1108
รังเกียจ,1107
สืบทอด,1106
ชื่น,1106
พลเมือง,1105
เก,1105
เถียง,1105
เชือก,1105
เต้,1105
บวช,1104
กอส,1103
นิทรรศการ,1101
มูลฝอย,1101
ตะวัน,1100
ใจดี,1100
ปก,1100
ยืดหยุ่น,1100
กิ่ง,1100
ชาดก,1100
พนักงานสอบสวน,1099
เผื่อ,1098
ข้าวของ,1098
อาสา,1097
ฝุ่น,1097
เดอร์,1096
ฤดูกาล,1095
ห่างไกล,1095
ชัน,1095
ยัน,1093
ประเสริฐ,1093
เชิด,1093
แบ่งแยก,1092
เครดิต,1092
นัง,1092
รหัส,1091
เก่าแก่,1090
หลับตา,1088
กรรมาธิการ,1088
เป่า,1088
ใคร่,1086
นิสิต,1085
ซาก,1085
ชะลอ,1084
บุคลิกภาพ,1084
เอาใจใส่,1083
ไต่สวน,1083
ธรรมะ,1083
ขัน,1082
แมลง,1081
ถ้ำ,1081
ค่าธรรมเนียม,1079
หอบ,1079
อ้า,1079
พระทัย,1079
ราชกิจจานุเบกษา,1078
ความยุติธรรม,1078
ไซต์,1076
กิเลส,1076
ชัยชนะ,1076
ชมรม,1076
แต่เดิม,1075
เครื่องประดับ,1074
ธารณ,1074
ปีใหม่,1074
กำ,1073
บกพร่อง,1073
อภัย,1073
สุทธิ,1072
ถูกใจ,1071
ตรี,1071
ข้อหา,1070
ศาลา,1070
ขนาน,1070
เอว,1070
ที่ทำการ,1069
ประเทศชาติ,1069
รุ่งเรือง,1069
ไม,1067
เต,1067
กุม,1066
ทำเนียบ,1065
ฟอง,1064
แค้น,1063
มิฉะนั้น,1062
เหยียบ,1062
ผ่อนคลาย,1060
ข่มขู่,1059
เทา,1058
ระดม,1057
จงใจ,1057
อาณานิคม,1056
คงที่,1056
เซน,1056
ทร,1055
เอ๊ย,1055
เพ,1055
กก,1055
ครั้งนั้น,1054
น้ำแข็ง,1054
เสมอภาค,1054
ข้อมือ,1053
ดิบ,1053
ดี้,1052
21,1048
ชั้นนำ,1048
ดำรงชีวิต,1047
แกง,1047
กลืน,1047
ฝ้าย,1047
ข้างหลัง,1046
เลขที่,1045
ไส้,1044
ไชย,1044
ผู้เยาว์,1044
จัน,1043
ติดตั้ง,1042
กิริยา,1042
ร้องเรียน,1041
ธน,1041
กรอง,1040
คู่สัญญา,1039
ความถูกต้อง,1038
อิจฉา,1038
50,1037
คำร้อง,1037
ฝ่าฝืน,1036
ฮอร์โมน,1036
กี้,1035
ธง,1035
ตกต่ำ,1034
หนอ,1034
ผู้เสียหาย,1033
เถิด,1033
บ้านเรือน,1032
คุ้น,1031
จิตสำนึก,1031
สนิทสนม,1030
ห่ม,1030
หม่อม,1030
มัด,1030
ชีพ,1029
ข้อเรียกร้อง,1028
รณรงค์,1028
ฮ่องกง,1028
ขั้นพื้นฐาน,1028
มณฑล,1028
สะดุ้ง,1027
เจ๊,1027
จูบ,1027
อารยธรรม,1027
พื้นเมือง,1026
เทวดา,1024
คลัง,1024
ข้อกำหนด,1024
ชิม,1024
เหงื่อ,1024
โฆษก,1024
โดดเด่น,1023
วาจา,1023
ณา,1023
สร้อย,1023
ในขณะนี้,1022
ซ่า,1022
กฏ,1021
พระราชวัง,1021
ตับ,1019
บู,1019
ความเครียด,1019
วิพากษ์วิจารณ์,1018
สงวน,1018
ด่าน,1018
สง่า,1018
ลงนาม,1017
เคียง,1016
สั่งการ,1016
ตี้,1016
อวด,1016
วิทยาลัย,1015
ทวี,1015
เป็นกลาง,1015
ติดตัว,1013
ปะ,1013
สัมมนา,1013
โมโห,1012
พัสดุ,1011
เกรงใจ,1011
กี,1011
รอบคอบ,1010
เพลิง,1010
เหลือบ,1010
ร้านค้า,1009
เดอะ,1008
บรรพ,1008
ยง,1007
มัง,1007
สมานฉันท์,1006
เงินทอง,1006
อัยการ,1005
100,1005
ประจักษ์,1005
สารสนเทศ,1004
แทง,1004
เว,1004
ดาวเทียม,1003
จ้ะ,1003
นีซ,1003
คุณลักษณะ,1002
เต็มใจ,1002
ดีงาม,1002
ควบคู่,1002
โลหะ,1002
ผลัก,1002
17,1001
บ่งบอก,1001
ยึดถือ,999
จุฬา,999
แล้ง,999
คุณครู,998
บอล,997
อนึ่ง,996
เครื่องดื่ม,996
ฝ่า,996
ชื่อดัง,995
พัง,994
นักแสดง,994
นักวิทยาศาสตร์,993
เก็บรักษา,992
นางสาว,992
คุ,992
บรรพบุรุษ,992
นักธุรกิจ,989
ตำหนิ,989
ฝึกฝน,989
สามัคคี,989
ภาพรวม,989
คาน,989
ลัน,988
สตางค์,987
ประจำตัว,987
บาดแผล,986
คุก,985
วิธีคิด,985
วงกลม,985
กระจ่าง,984
นรก,984
ทำนา,984
อิง,983
ส่วนท้องถิ่น,982
ผ่า,982
ทีมงาน,981
ดุลยภาพ,981
เต่า,980
เมื่อไร,980
แกนนำ,979
ความจำ,979
ฮ่า,978
ได,978
พระราชกฤษฎีกา,977
นิดเดียว,977
คุณย่า,977
ทนายความ,976
ลำพัง,976
มิน,976
ธรรมเนียม,975
ปะการัง,974
เพลิน,973
อวกาศ,971
เสริมสร้าง,970
เบื้อง,970
ก่อการ,967
ข่มขืน,967
สันต์,966
24,965
ปริญญา,965
ฮิ,965
กลฉ้อฉล,965
วาย,964
เป้,963
โลหิต,963
สละ,962
ปัสสาวะ,962
แต้ม,962
ล่อง,962
ชุน,962
หันหน้า,962
ลีลา,961
ปารีส,961
ภาพถ่าย,960
แว่น,960
เปียก,960
ศิษย์,959
พระสงฆ์,959
เนื้อที่,958
มุ่งมั่น,957
ไล,957
พับ,957
ห่วงใย,956
หลักประกัน,956
แม่บ้าน,956
แขวน,956
รับสั่ง,956
บริบท,956
เครื่องสำอาง,955
โฮ,955
สอด,954
เดอ,954
เลวร้าย,954
ภาคี,953
ทะลุ,953
เคร่งครัด,953
บุ,950
โดยสาร,950
รักษ์,949
ทูล,949
มหาราช,949
เรน,948
มวย,948
ตอนต้น,948
ระลึก,947
ฟื้น,947
กระแทก,947
ราบ,947
ข้อพิพาท,947
ยุทธ,946
สิทธิมนุษยชน,946
วิทย์,946
19,945
ข้างล่าง,945
เป้น,945
ลอนดอน,944
อนุโลม,943
อบ,943
พระราชา,943
บ้านพัก,942
เพาะปลูก,942
มัธยม,942
ปัด,941
กระนั้น,941
ภาพลักษณ์,940
เลี้ยว,940
บุรุษ,938
สารพัด,938
แทรกแซง,936
หั่น,936
โธ่,936
กระป๋อง,935
ก้า,935
ยัก,935
2550,933
อสังหาริมทรัพย์,931
ประสิทธิ์,931
พายุ,930
กอล์ฟ,930
ฉีก,930
คล่อง,928
จู่,928
สบู่,928
กอ,928
โป,927
กาง,927
อุดม,926
คอม,926
ความกลัว,926
ลอบ,925
มวลชน,925
หย่า,923
โอ้,923
เทป,921
หนี้สิน,921
อุตส่าห์,921
คุกคาม,921
เช็ด,921
หมวก,921
แสงสว่าง,921
หยด,921
ศักดิ์ศรี,920
รื้อ,920
สดชื่น,920
เตะ,920
โรมัน,919
ซิน,919
เบ,919
จักรพรรดิ,919
ลูกศิษย์,919
หึ,919
ฟู,918
กล้วย,918
อัลบั้ม,918
วิพากษ์,918
ปุ๋ย,918
โกะ,917
นันท์,916
ไว้ใจ,916
ว,914
จุดอ่อน,914
จำลอง,913
วิจิตร,912
อุดมคติ,912
แสงแดด,912
สมทบ,911
ลู,910
แท็กซี่,910
ตั๋ว,910
ไฮ,910
สั่งสอน,910
ว่าย,910
ค่าเฉลี่ย,910
ตอนเช้า,909
มวล,909
ดัก,909
ไปรษณีย์,909
ร่องรอย,908
ห้องสมุด,908
รก,908
25,907
ดง,907
ใจเย็น,907
พันธมิตร,907
ป้อน,907
ไต้หวัน,906
ปิ,906
เพาะ,906
ธรรมศาสตร์,906
เทียม,905
แต่งกาย,905
สุรา,903
พรรณนา,903
เจ้าภาพ,902
กรัม,901
พาย,901
งด,901
ปลอด,901
กรด,901
ล้น,900
กดดัน,900
หน้าอก,900
ปลายทาง,900
สมรรถภาพ,899
นักลงทุน,899
อาสาสมัคร,899
สุนทร,898
กล,898
เป็ด,898
ประคอง,898
หล่น,897
จำพวก,896
ขืน,896
ตรงกลาง,896
ลี่,896
แข็งแกร่ง,895
ดั่ง,895
ซื่อ,894
เผชิญหน้า,894
ม่าน,893
มาลัย,893
เฉียงเหนือ,893
ภูมิปัญญา,892
แผ่ว,892
อม,892
แสบ,891
โหน่ง,891
คนขับ,890
เทนนิส,890
แคว้น,888
หวย,888
เยียวยา,888
จอห์น,888
ภิ,887
กระโปรง,887
เทียบเท่า,887
ป่าไม้,887
หมุนเวียน,887
กลมกลืน,887
บรรเลง,886
โทรศัพท์มือถือ,885
ปิ้ง,885
ละลาย,885
เอาใจ,885
พระเกียรติ,885
ทรา,884
มน,883
คัมภีร์,883
กายภาพ,883
เมื่อกี้,883
ยึดมั่น,882
โต้,882
นัยน์ตา,882
โปรตีน,881
เซนติเมตร,881
สโมสร,880
ปลด,880
ดึงดูด,879
ถ่านหิน,877
หนาแน่น,877
เหยียด,877
แปลกหน้า,874
หันหลัง,874
รัด,874
ชดเชย,873
เอ็นดู,873
พอล,873
นิยาย,872
พนม,872
เหม็น,872
เพื่อนฝูง,872
ละก็,872
พิกัด,872
รับคำ,872
ผู้เฒ่า,872
โมฆียะ,872
จดจำ,871
ลาด,871
ระเบียง,871
พก,871
ซื่อสัตย์,870
ทำนาย,869
เสิร์ฟ,869
เงินตรา,869
ผนวก,869
คิง,869
แย้ง,868
เนื้อสัตว์,868
รักษาการ,867
ส,867
เมืองหลวง,866
อัตโนมัติ,866
ลี้,866
ร่ำรวย,866
แหม่ม,866
ฝืน,865
วิวัฒนาการ,865
ช่องว่าง,865
เทอม,865
2549,864
หรู,864
ปะทะ,864
คอนเสิร์ต,864
อุปถัมภ์,864
ลืมตา,863
ก้าน,862
เฮีย,862
รอคอย,862
จุดประสงค์,862
ภาคตะวันออก,861
หนุน,860
ฟังก์ชัน,860
เป็นอย่างยิ่ง,858
ส่วนกลาง,858
มังกร,858
มงกุฎ,858
กบ,858
ภูมิศาสตร์,858
ชนชาติ,858
ได้เปรียบ,857
ลำตัว,856
หาความ,856
ปริญญาตรี,856
ล้านนา,856
ปิ่น,855
ท่อง,854
จุ,854
จีบ,854
เร้า,854
คี,854
ข้อเสนอแนะ,853
ที่ทาง,853
ด้า,853
แง่มุม,853
พญา,852
อยู่รอด,852
แก่ตัว,852
พรรณ,851
จ้างงาน,851
ชะมัด,851
ตุลาการ,849
ชี้ขาด,848
โฉม,847
ศุกร์,847
ปีน,847
พึมพำ,847
ปทุม,846
หมาก,846
ภาคภูมิใจ,846
เร่งรัด,846
ผู้ส่งออก,845
ผลลัพธ์,844
ฟังดู,843
กลาโหม,843
เปี่ยม,843
มาร์ค,843
เอ๊ะ,843
คะแนนเสียง,842
สิ่งมีชีวิต,842
นักโทษ,841
เร่งด่วน,841
อ่าง,841
ภาชนะ,841
แช่,841
เวอร์,841
ลอก,841
ฎีกา,841
ออกซิเจน,840
ชาน,840
ส่งมอบ,839
พระองค์เจ้า,839
สู,838
ครก,838
สารภาพ,837
บรรทัด,837
มาเรียน,837
ผู้กำกับ,836
รถเมล์,835
กง,835
นึกคิด,835
ดีเอ็นเอ,835
รูปถ่าย,833
พื้นดิน,833
แผง,833
ชาญ,831
เข้มงวด,831
รด,831
เสร็จสิ้น,830
มะพร้าว,830
เฉพาะตัว,829
สึ,829
บิต,829
สร,828
พรหม,828
สฤษดิ์,828
สัมปทาน,827
เด็ด,827
สูด,827
สวัสดิ์,826
โชติ,826
ข้อดี,826
วิตกกังวล,826
ทุกสิ่งทุกอย่าง,825
กลยุทธ์,825
หนักแน่น,825
ลูบ,825
สมัครใจ,825
รัตนโกสินทร์,824
ชดใช้,824
ว่างงาน,824
ขนมปัง,824
ราชสำนัก,824
เปล่ง,824
แอม,824
ราง,823
สมมุติ,823
ไมเคิล,823
ปราบ,822
หลอกลวง,821
เดินหน้า,821
เนอร์,821
กรีก,821
แวดล้อม,820
บัง,820
มหัศจรรย์,820
การเรียนการสอน,820
ความเคลื่อนไหว,819
ทางหลวง,819
ซุ,819
สห,818
ส่วนผสม,817
ราด,817
บังคับบัญชา,816
ป,816
เชื้อชาติ,816
เล็บ,816
ต้าน,816
นุ่ง,815
กระชับ,814
บริวาร,814
พินิจ,814
เอน,814
22,814
คูณ,814
คืบหน้า,813
ว่างเปล่า,813
สนธิสัญญา,813
โช,813
นิดหนึ่ง,812
คุณนาย,812
มู,811
งวด,811
เด่นชัด,811
น้ำลาย,810
เครื่องยนต์,810
ขัดขวาง,809
ข้างบน,809
ชาตินิยม,808
ผอม,807
โศก,807
เชี่ยวชาญ,807
กลอน,807
คู่แข่ง,806
ซับ,805
แฮะ,805
ทีหลัง,804
แจ่มใส,803
บ่า,803
เกาหลีใต้,803
นามธรรม,802
หัวหน้าพรรค,802
40,801
พรม,801
จิตรกรรม,800
คลาสสิก,799
คนตาย,799
เชื้อสาย,799
ขมวด,799
เรื่องสั้น,799
หวง,798
สุพรรณ,798
พารา,798
ออนไลน์,797
สหประชาชาติ,796
กดขี่,796
ลงตัว,795
เลียนแบบ,795
แปรรูป,795
เอกราช,795
ษา,794
สิทธิบัตร,794
ไตรมาส,794
ห้องเรียน,794
ล่อ,793
บ่อน,793
หลักทรัพย์,792
เบียร์,792
ดม,792
บุคลิก,792
ผู้ซื้อ,791
ประทาน,791
ถั่ว,791
วูบ,791
ถ่ายภาพ,790
ลังเล,790
สันนิษฐาน,790
ปลูกฝัง,790
ธา,790
หนวด,790
ปลื้ม,790
อุด,789
บทเรียน,789
ลื้อ,789
ทู,788
กรรมาชีพ,788
พฤติการณ์,787
สมา,787
การ์ด,786
ขอน,786
กรรณ,786
นาถ,785
มาร,785
เจดีย์,785
ดาวเคราะห์,785
หย่อน,784
มหาสมุทร,784
อิสรภาพ,784
ฮ่อง,784
ซุป,783
สัมพันธภาพ,782
ดีไซน์,782
ดูถูก,781
นิติ,781
สะกด,781
เตา,781
รุม,780
เจาะจง,779
ยากลำบาก,778
พระจันทร์,778
ดวงดาว,778
เสียสละ,777
วัฒนา,777
จุดเริ่มต้น,777
ชิ้นส่วน,777
บรรทุก,777
หมอน,776
ห้อย,776
ก๋วยเตี๋ยว,776
ภูเก็ต,775
พ่อคุณ,775
หยาบ,774
ฟอร์ม,774
นาก,774
เอ้า,774
ชื่นชอบ,773
60,773
นั้นแหละ,773
รุก,773
แพ,773
ทรุด,773
สันสกฤต,773
ถกเถียง,772
ฟ้องร้อง,772
ตีน,772
ถล่ม,771
ชนะเลิศ,771
ทางเข้า,770
สรรหา,770
พบปะ,769
เนียน,769
ทุบ,769
ลุ่ม,769
อ๋อ,769
พราหมณ์,769
กระบวน,767
ตำ,767
โยง,767
ละเลย,766
กลีบ,766
โว้ย,766
พ่น,765
อิสลาม,765
กระมัง,765
อนุบาล,765
สูญหาย,763
พ่อขุน,763
ดิ่ง,762
รัศมี,762
หวน,761
ปั่น,761
สะดุด,761
นิพนธ์,761
สำเร็จรูป,760
ทำมาหากิน,760
ชาติพันธุ์,760
บรม,759
แพร,759
ทุ่มเท,758
พระกรุณา,758
ขาดทุน,758
จงรักภักดี,758
ช่อ,757
ชะตา,757
ไม่แพ้,757
ไพเราะ,756
ดิ้น,756
คราบ,755
โวยวาย,754
รับมือ,752
กระเทือน,752
เอดส์,752
ระนาบ,752
จุดหมาย,751
รัตน,751
พันล้าน,751
สรรพ,751
ภาวนา,751
จ้า,751
เวียง,751
สินะ,750
สวัส,749
นัน,749
นุ่มนวล,749
ศิลา,749
อาบ,749
เท่านี้,749
เทพเจ้า,749
สิว,748
สินทรัพย์,747
สาหัส,747
พัท,747
เฒ่า,747
ไข,746
แกรม,746
รวบ,746
อธิการบดี,746
หวัด,746
ทายาท,745
แค่นั้น,745
ซัน,743
กระเพาะ,743
สหาย,743
บิด,743
ปัญญาชน,743
คุ้มค่า,742
ตายตัว,742
ฟิล์ม,742
ผลเสีย,741
วารสาร,741
ปิโตรเลียม,740
ไบ,740
สถาปนา,740
ขี้เกียจ,739
เคยชิน,738
ขั้ว,738
ซัส,738
คู,737
เพียร,737
เพดาน,737
กระชาก,737
บดี,737
เซียน,736
ผลสำเร็จ,736
เงินสด,736
สาด,736
ต้นแบบ,735
หากิน,735
เซ็ง,735
ปีศาจ,735
นาค,732
เก๋,732
รองนายกรัฐมนตรี,732
เครื่องใช้,732
กระสุน,731
ผู้ร้าย,731
กรรมสิทธิ์,730
ผู้แสดง,730
หุ้ม,729
ธิดา,729
พลเอก,729
กติกา,729
แต่งหน้า,729
ลำคอ,729
พันธุกรรม,729
กวาง,728
เลือน,728
หด,728
สัง,728
ณี,727
ชีวะ,726
เกษตรและสหกรณ์,726
เลน,725
ไกร,725
แวมไพร์,725
เปรี้ยว,724
วดี,723
อุทิศ,723
พิษณุโลก,723
กิโลกรัม,722
ผุด,722
แวบ,722
มิด,722
ซึ้ง,721
โน้ม,721
ผลตอบแทน,721
มัธยมศึกษา,720
ทยอย,720
โอบ,719
ต่อม,719
ท่วม,718
ไวน์,718
แบน,718
ดื้อ,718
อุทาน,717
ยานพาหนะ,717
สงขลา,717
บูรณาการ,716
พุทธศักราช,715
ต่ำสุด,715
เมนู,714
พุ่ม,714
อิสราเอล,714
สันติภาพ,713
ประหลาดใจ,713
เสวย,713
ฮัน,713
เยอะแยะ,712
เช,712
ระยะห่าง,712
ลีโอ,712
ข้าวโพด,710
ฉุด,710
สกัด,710
ผู้ถือหุ้น,709
แอฟริกา,709
เปอร์,709
รสนิยม,709
ฆ่าตัวตาย,709
ปกปิด,708
บริบูรณ์,708
เดือด,708
ลีก,708
ชัดแจ้ง,708
ขอบใจ,708
ซักถาม,707
กลวิธี,707
อัต,707
โพ,707
จากนี้,707
พื้นผิว,707
ประชามติ,707
ชินวัตร,706
มานะ,706
ชาวต่างชาติ,705
ทิพ,705
ภาคอีสาน,705
กรมพระยา,705
ถึงที่,704
ขาเข้า,704
ใบขนสินค้า,704
ขาน,704
สายอากาศ,704
ถู,703
นิวยอร์ก,702
ตรงไปตรงมา,702
เค้ก,702
เบื้องหน้า,702
โส,701
หมึก,701
ชักชวน,701
ถ้วน,701
ริเริ่ม,700
ติดใจ,700
นิก,700
จ้องมอง,700
ลิตร,699
โห,699
กีดกัน,698
ม้วน,698
จริงใจ,698
สื่อสารมวลชน,698
หรูหรา,697
แท่ง,697
ฟาก,697
คล้ำ,697
ปฏิสัมพันธ์,697
อุทกภัย,697
ชลประทาน,697
28,696
แค,696
ปัน,696
23,696
แตกแยก,695
ร่าเริง,695
พัฒน์,694
ประณีต,694
สังหาร,693
เจตนารมณ์,693
นิว,693
ปัจเจกบุคคล,693
ต้นฉบับ,692
ชอบใจ,692
โต้แย้ง,691
ดอย,691
คิดมาก,691
ประชาคม,691
ลือ,690
อัตราส่วน,690
เกวียน,690
ย่ะ,690
ธูป,689
บึง,689
รุ,689
หยาง,689
พริกไทย,688
บวม,688
แผนงาน,688
สวดมนต์,687
คว่ำ,687
สายลม,687
เกร็ง,687
โคลน,686
ปานกลาง,686
นิกาย,685
นันทนาการ,685
ไมเนอร์,685
ขว้าง,684
กาลเวลา,684
เหรียญทอง,684
บอร์ด,683
เส,683
มโน,683
คริส,683
ค่าเสียหาย,682
ลุย,682
หมี,682
รู้อยู่,681
สูญ,681
นักเตะ,681
สลัด,680
สปา,679
ผู้บัญชาการ,678
นายทหาร,678
ราชโองการ,678
เจ้าหล่อน,678
ของเล่น,678
สังคีต,678
เคมี,677
ปัท,677
นักข่าว,676
หลาก,676
โขน,676
ลายมือชื่อ,676
ใย,676
ผู้รับผิดชอบ,675
สับ,675
เย็บ,674
ฟาด,674
ก็อด,674
ฟื้นตัว,673
ซ่อมแซม,673
เรื้อรัง,673
เข็น,672
โกง,672
กาม,672
ซอก,672
ปัจเจก,672
พลัน,672
คู่หมั้น,672
ตาบอด,672
ผัน,671
น้ำยา,671
จ๋า,671
ค้ำประกัน,671
คณิตศาสตร์,671
คาบ,671
ตามลำพัง,670
การบริการ,670
พฤหัสบดี,670
บังเกิด,669
ไพศาล,669
ฮือ,669
พี่เลี้ยง,669
แจ้งความ,668
แห่,668
อู,667
หมู่เกาะ,667
ตุ,667
ทวน,667
ม่า,666
หน้าผาก,666
แน่ชัด,665
เพอร์,665
ถนอม,665
ตึง,665
หาเงิน,664
ค้าประเวณี,664
สืบเนื่อง,663
โปร่งใส,663
กำกับดูแล,663
ญาณ,663
ก้าวร้าว,663
ทั่วถึง,662
ด้วง,662
ม,662
สงฆ์,662
เยอรมนี,661
ลวง,661
ตื้น,661
ผง,661
ริย,661
แยกแยะ,661
บาล,661
หว่า,661
ฝ่ามือ,661
สี่เหลี่ยม,660
วิตก,660
โปร่ง,660
เอาเรื่อง,660
สะบัด,660
พิม,660
ปรัมปรา,660
น่าเสียดาย,659
ดูงาน,659
พาด,659
ผู้ดี,659
หาร,659
เปรียบเสมือน,658
โทน,658
เงินเฟ้อ,658
เสี่ย,658
ควง,658
อาณาเขต,657
นามสกุล,657
นิช,656
มด,656
กลั้น,656
ปวดหัว,656
ส้อม,655
ชานุ,655
โรงไฟฟ้า,655
ร้องทุกข์,655
อ้น,655
อคติ,654
เกะ,654
31,654
ต่อย,654
มิก,654
ฟีลด์,654
โดยสิ้นเชิง,653
ความเค้น,653
พ่ายแพ้,652
ง่วง,652
บัน,652
หาเสียง,651
แบบอย่าง,651
ธนาคารพาณิชย์,651
อุบล,651
อง,651
คู่รัก,651
ขับเคลื่อน,650
ระบาด,650
จำนำ,650
คิม,650
รั้ง,649
จิร,649
ชีวภาพ,649
ย่น,649
ที่ระลึก,649
คดีอาญา,649
ค้อน,649
ดอง,648
ชายหาด,648
แร่,648
ไพร่,648
ของกลาง,647
ราบรื่น,647
ผจญภัย,647
ของเก่า,647
สมมติฐาน,646
แลนด์,646
มาตร,646
เพลิดเพลิน,646
จิ๊บ,645
ซีก,644
พิง,644
ห้วย,643
ตอนเย็น,643
ผูกขาด,643
ต้นเหตุ,643
วิชัย,642
ดีเซล,642
ลอด,642
โพธิสัตว์,642
ลำไส้,641
เครื่องดนตรี,640
ตู้เย็น,640
ภิกษุ,640
คำกล่าว,640
หลอด,639
ทันใด,639
บิ,639
สหภาพ,639
หาไม่,639
คนใช้,639
เต้นรำ,639
หาเรื่อง,638
บำเพ็ญ,638
จำกัดความ,638
งอ,638
โจทย์,638
แก๊ง,638
เจ้าพ่อ,637
ซัด,637
แอ,637
ลายเซ็น,637
ประถม,637
แปรเปลี่ยน,636
ปริ,636
บอย,636
ดำน้ำ,636
อือ,635
โคน,635
แพน,634
แย้ม,634
ภาษีเงินได้,634
หลี,634
แวดวง,634
หมดสิ้น,634
แอนด์,634
สรรพสิ่ง,634
กลอง,634
ธนู,634
ฟุต,633
ปริญญาโท,633
กว้างใหญ่,633
เบาหวาน,633
เสี้ยว,633
บาลี,633
ตราสาร,632
ประถมศึกษา,632
พยากรณ์,632
กรรมกร,632
เลอร์,632
เบส,632
บอกกล่าว,631
เตี้ย,631
หมอก,631
แบบสอบถาม,631
สุรินทร์,631
พุธ,631
นักสืบ,631
กีตาร์,631
โบกมือ,630
ครุ่นคิด,629
แถลงข่าว,628
พจน์,628
ป๋า,628
นิติศาสตร์,628
น้ำพริก,627
ลัด,627
พระพุทธรูป,627
มหาอำนาจ,627
ราชสีมา,626
ผ่อง,626
ออมทรัพย์,626
แน่ะ,626
นักคิด,626
เสียเปรียบ,625
เรือง,625
ปม,625
โต้ตอบ,625
หมัด,625
เกย์,625
ภาษาศาสตร์,625
ยอดเยี่ยม,624
แขนง,624
ดิ้นรน,624
วิสามัญ,624
ปักกิ่ง,624
ช,624
แก้ตัว,623
เท่,623
เกษม,623
อู่,623
ตำหนัก,623
โยกย้าย,622
นิล,622
หุ้นส่วน,622
ภัทร,622
มานุษยวิทยา,622
อินเดียน,622
กำหนดการ,621
เหลี่ยม,621
คาดการณ์,621
สาธารณรัฐ,620
พอง,620
เกี่ยวพัน,620
กล้าหาญ,619
ผู้ขาย,618
ปอ,618
รถไฟฟ้า,618
ท่าเรือ,618
สิ้นเชิง,617
สรรเสริญ,617
มันแกว,617
รุ้ง,617
ฮวง,617
ไวยากรณ์,617
วิถีทาง,616
นายแพทย์,616
เท็จ,615
ปูน,614
ดิส,614
ราตรี,614
วิสัย,614
กำนัน,614
หัวเมือง,614
แม่ค้า,613
ชั้นใน,613
โคจร,613
เลค,612
ปลอบ,612
ทบ,612
เข้าข้าง,612
ปากกา,611
แนะ,611
หุง,611
ชง,610
มอญ,610
แตง,609
ฝ้า,609
คาร์,608
ข้าหลวง,608
บรรณาธิการ,608
ขุ่น,608
แม่นยำ,607
ข้างเคียง,607
ลุ้น,607
แออัด,607
ใช้สอย,606
ลักลอบ,606
ทาย,606
มดลูก,606
จิ้ม,605
อุดมสมบูรณ์,605
กู้เงิน,605
ชนชั้นกลาง,604
ไอน้ำ,604
เชียร์,604
สังขาร,604
ณุ,604
ที่อยู่อาศัย,603
หมายเหตุ,603
ลึกลับ,603
ปุ่ม,603
ไวรัส,603
โสด,602
ห้วง,602
พักตร์,602
โฮสต์,602
แล้วด้วย,601
ตอง,601
ล,601
ครอบ,601
เจ้าสาว,601
โตเกียว,601
จุน,601
ป่านนี้,600
สารคดี,600
อิม,600
ค่อน,599
ต้านทาน,599
เมน,599
เยื่อ,598
ปฐม,598
ศิลป,598
หนักหนา,598
บุญคุณ,598
คลาน,598
พาร์,598
ปฎิ,597
หวั่น,597
ยี,597
ยั่ว,596
ภรณ์,596
บ่งชี้,596
เลขา,595
สรร,595
พาน,595
เคี้ยว,595
ตอนหลัง,595
เจอร์,595
แรม,595
วี่,595
นิร,595
น้อยใจ,594
คลี่คลาย,594
หลงใหล,594
วิหาร,594
ปลดปล่อย,594
ลงทะเบียน,593
อึน,593
อ่อนหวาน,592
คลินิก,592
โนะ,590
แฟ้ม,590
จรรยาบรรณ,590
คำมั่น,590
จตุ,589
ชั่ง,589
ภวา,589
แผ่นดินไหว,588
เสนอแนะ,587
เมื่อย,587
ซวย,587
ยย,587
จ่า,587
พ้อง,586
26,586
เคน,586
ผา,586
ซีด,586
ค่าที่,586
ซิ่น,586
เอเชียตะวันออกเฉียงใต้,585
ลาภ,585
กบฏ,585
นักรบ,584
มือสอง,584
ซุ้ม,584
ฟาร์ม,584
เส้นตรง,584
บทเพลง,583
แบ่งปัน,583
พึงพอใจ,583
เสียบ,583
ช้ำ,583
เรือนจำ,581
ข้อเสีย,581
เส้นผม,581
สัญชาตญาณ,581
ครู่หนึ่ง,581
สายการบิน,580
กะทันหัน,580
ที่พึ่ง,580
เล็ง,580
ปล่อยตัว,580
อั๊ว,580
สวิส,579
นุช,579
กรีด,579
หลุดพ้น,578
พวง,578
วอน,578
เจ้าอยู่หัว,578
สนั่น,577
นายอำเภอ,577
กรอก,577
โลภ,577
มาน,577
อำพราง,577
ฟา,576
กระเทียม,576
เป็นอันมาก,576
ล็อค,576
พงศาวดาร,576
ฟี,575
คึกคัก,575
ปล้น,574
ลูกเสือ,574
เครื่องแบบ,574
เอล,574
บุช,574
อุปทาน,574
เทือกเขา,574
แปะ,573
ความชอบ,573
ข้าวสาร,573
โขง,573
เลอ,572
ข้าวต้ม,572
ต่อจากนั้น,572
มิตรภาพ,572
บาย,572
ติก,572
พรมแดน,572
ขะ,572
หวั่นไหว,571
มอเตอร์ไซค์,571
พระราชดำริ,571
หอพัก,571
เยาะ,571
สลับซับซ้อน,571
นิจ,571
รับแขก,571
พาหนะ,570
พรรคพวก,570
เค็ม,570
โน้มน้าว,570
แพร่ง,570
กราฟ,569
ชะ,569
กองกำลัง,569
ทุ่มตลาด,569
ธร,568
เอกภาพ,568
ของดี,567
ต,567
ฝึกหัด,567
ไน,567
เปรม,567
เชื้อโรค,567
บูรพา,567
โคม,566
แท่น,566
แสงไฟ,566
โรแมนติก,566
พรรษา,566
แม,566
นิคม,565
เหนียว,565
ทึ่ง,565
คาง,565
โซฟา,565
จิ๋ว,565
เกื้อ,564
มุ่งหน้า,563
เนตร,563
คนไร้ความสามารถ,563
ยับยั้ง,563
นิวเคลียร์,563
ภักดี,562
หมั่น,562
นีย์,562
ประนอม,562
บ้านเกิด,562
อิฐ,562
เงินฝาก,561
ข้อยกเว้น,561
เคลือบ,561
เฮา,561
เอย,561
นวัตกรรม,560
29,560
เกา,560
กระตือรือร้น,560
ดาวฤกษ์,560
ยัด,559
เต็มที,559
ยอ,559
ทอดพระเนตร,558
หิมะ,558
เฉือน,558
งี้,558
ละออง,557
ระฆัง,557
ตัณหา,557
หวาดกลัว,557
ชก,557
นายพล,557
โปรล็อก,557
เส้นเลือด,556
ฉลาก,556
มอบอำนาจ,556
วิล,556
เวทนา,556
ดัด,555
มูลเหตุ,555
กลั่นกรอง,555
ขอตัว,555
โดด,555
เบื่อหน่าย,555
นักกฎหมาย,555
ออกกำลัง,554
ใจกลาง,553
เฟรม,553
เกื้อกูล,553
เป็นได้,553
อ้อย,553
ด,553
เนิน,553
วิกฤตการณ์,552
สลัก,552
ผู้ดูแล,552
ตรึง,552
อ่าว,552
สภาพการณ์,551
มะนาว,551
มเหสี,551
บำเหน็จ,550
ขาดดุล,550
โบก,550
สถาปนิก,550
เกมส์,550
มุ่งหมาย,549
เกรด,549
ถิ่นฐาน,549
เอาเปรียบ,549
ทำตา,549
ข้อสัญญา,549
จัดวาง,548
ตอ,548
ภูมิลำเนา,548
ลาง,548
ร้าง,548
กตัญญู,547
สิง,547
โซ่,547
ชุ่ม,547
เซ็นทรัล,547
ไตร,547
เพคะ,547
กรรมวาจก,547
เพชรบุรี,546
สุ่ม,546
อินเทอร์เน็ต,545
ผ่อน,545
ตั้งตัว,545
เป็นอันขาด,545
วิว,545
ปี้,545
เบี้ย,545
สมบูรณาญาสิทธิราชย์,545
ฉวย,544
ดุสิต,544
พิธีการ,544
ตื่นตัว,544
โดดเดี่ยว,544
ปิดบัง,543
เสน,543
กระดาน,543
พยาธิ,543
ปะปน,542
แอลกอฮอล์,542
ดุจ,542
ผลัด,542
กว๊าน,542
จุดยืน,541
ผู้ค้า,541
ปริมณฑล,541
แบงก์,541
คิดค้น,540
พนักงานอัยการ,540
กรมศิลปากร,540
นราธิวาส,540
กิโล,540
ถาด,540
คนขาย,540
หิ้ว,540
ว่าจ้าง,540
ฉัตร,540
เหลียว,540
นัท,539
ยีน,539
โด่งดัง,538
นัดหมาย,538
เคราะห์,538
สังคมศาสตร์,538
น่าน,538
มอ,538
รีด,537
ประภาส,537
เยาว์,537
ตุง,536
คุณตา,536
คับ,536
มาร์ก,536
จุดเด่น,535
ดาวหาง,535
ภู่,534
เจ้าคุณ,534
บางกอก,534
แว่ว,534
ลายลักษณ์,534
27,533
เจียง,532
โภชนาการ,532
ศุภ,532
ประจวบ,532
เอ๋ย,531
เปิ้ล,530
โถง,530
ติว,530
แฟรงค์,530
พราน,529
ยื่นมือ,529
หมวย,529
เทศ,528
หงส์,528
ภาพพจน์,528
ทึบ,527
ประชาชาติ,527
เตรียมพร้อม,527
เกษ,527
ซาบซึ้ง,526
ข้อสงสัย,526
อิหร่าน,526
ลัย,526
วนเวียน,526
ตึงเครียด,526
ประมุข,526
แอง,526
ผู้ใหญ่บ้าน,526
ซอ,526
พระราชพิธี,526
วาทกรรม,525
ส่งตัว,525
กิตติ,525
ทอดทิ้ง,525
ทบวง,525
สอ,525
นักหนา,525
ยะลา,525
สุวรรณภูมิ,524
เวน,524
ไพ,524
ถ่ายทำ,524
เซล,524
เป,524
นิมิต,524
คีรี,524
ลื่น,523
ควบ,523
ดาร์,523
เต๋า,522
พระภิกษุ,521
สำเนียง,521
ศูนย์การค้า,520
อีกหน่อย,520
ประจำเดือน,520
อสุจิ,520
ยนต์,519
ดรุณี,519
เดียร์,519
สัญ,518
บะ,518
โหด,518
มุข,518
นิพพาน,518
โพธิ์,518
เซีย,518
วิปัสสนา,518
กริช,518
ข้างมาก,517
ทุกแห่ง,517
เตี่ย,517
เมล์,517
เทค,517
ชีวิตชีวา,516
ฤา,516
ฉับพลัน,516
ปลิว,516
คู่มือ,516
พินัยกรรม,516
รัช,515
บุตรบุญธรรม,515
น้ำปลา,514
สมบูรณ์แบบ,514
เฟ,514
เริ่มแรก,514
ปกคลุม,514
ลุ่มน้ำ,514
รายวัน,514
นเรศวร,514
วันเวลา,513
200,513
ไอศกรีม,513
ราชธานี,513
ศร,513
บี้,513
สาบาน,513
ง่ายดาย,512
สำราญ,512
ทวิ,512
โรย,512
เปียโน,512
พันปี,512
ขั้นต่ำ,511
ปรีดี,511
ปัง,511
ทะเลสาบ,511
นั่งเล่น,511
บด,511
โซน,511
เฟอร์นิเจอร์,511
โค่น,511
เบ็ด,511
ผ่านพ้น,510
ค่ำคืน,510
ธีร,510
เกี่ยวเนื่อง,510
คอร์,510
หมั่นไส้,510
วางตัว,510
บราซิล,509
ที่แท้,509
กระเด็น,509
ศักดินา,509
ตรวจพบ,509
ทับทิม,508
ยิน,508
แม่น,508
ซ,507
คลอ,507
ห้างสรรพสินค้า,507
แปรปรวน,507
งอน,507
อุทยาน,506
80,506
บาตร,506
กระบี่,506
รม,506
เหี่ยว,506
สั่งซื้อ,505
โสเภณี,505
ปาง,505
สงครามเย็น,505
ตัวเมีย,504
เปลือย,504
เอช,504
ยิว,504
ดีไซเนอร์,503
ปัตตานี,503
ยิ้มแย้ม,503
ห,503
เล่าเรียน,503
ผีเสื้อ,503
ชักจูง,502
หน้าร้าน,502
กลับกลาย,502
วิศวกร,502
ละเอียดอ่อน,502
วานนี้,502
วับ,502
เฮือก,502
ภาควิชา,502
ทิเบต,502
รุกราน,501
อธิปไตย,501
รอน,501
แคนาดา,501
เนื้อเรื่อง,501
ข้อคิด,500
พระราชกำหนด,500
ท่านหญิง,500
กอน,500
คริ,500
วิษณุ,500
ตัวเดียว,499
ข้อสอบ,499
เจ้าแม่,499
มนุษยชาติ,499
บิ๊ก,499
รัน,499
ระยอง,499
แจ๊ค,499
นักจิตวิทยา,499
แคร์,498
ชำรุด,498
บรรจง,498
เสื่อมโทรม,498
บรรทัดฐาน,498
ปฏิบัติธรรม,498
หือ,498
กรรมฐาน,498
พีร์,498
เทอร์,497
วิดีโอ,497
สาธิต,497
สลาก,497
สง,497
ปรีชา,496
เรส,496
–,496
ร่อง,496
เดย์,496
เวชกรรม,495
เกต,495
คร่าว,495
เปลี่ยนใจ,495
อรุณ,495
จรด,495
สุสาน,495
คัพ,495
วรา,494
จูง,494
ฮิต,494
วาบ,494
พยุง,494
ผับ,494
แช,494
รณ,493
อวยพร,493
เรียงราย,493
ขันธ์,493
เรียบเรียง,493
สะกิด,493
กลางคน,493
ชื้น,493
กักขัง,492
ลิ้ม,492
เคท,492
แสงสี,492
กระผม,492
เต็มตัว,491
มาลา,491
เบาะ,491
ทอน,490
เพี้ยน,490
ประชด,490
ญัตติ,490
เฟอร์,490
เงือก,490
นารี,489
ริก,489
ดด,489
แต่ทว่า,489
พระจุลจอมเกล้าเจ้าอยู่หัว,489
กรง,489
เผ็ด,488
กลบ,488
เบียด,488
นินทา,488
ก๊ก,488
ครา,487
สังเคราะห์,487
ให้อภัย,487
หน้ากาก,487
ศศิ,487
มนต์,487
รัณ,487
ผ่อนผัน,486
มัส,486
ส่วนภูมิภาค,485
หลีก,485
พระนางเจ้า,485
นักเลง,484
สูงส่ง,484
หยอด,484
เอ้อ,484
สินสมรส,484
คาถา,484
บอ,483
โคลง,483
เบียดเบียน,483
ทุ,483
กระตุก,483
500,482
โหล,482
เริง,482
เป็นลม,482
โพรโทคอล,482
คนรวย,481
มาส,481
แต่อย่างไรก็ตาม,481
เรีย,481
ยาสูบ,481
ฟิ,480
ถีบ,480
เกร,480
บทสนทนา,480
ตุ่ม,480
อินทร์,479
หมัก,479
ตะกร้า,479
แก๊ส,479
เคือง,479
สเต,479
ฟรอยด์,479
เกาหลีเหนือ,479
เบี่ยงเบน,478
สัญชาติ,478
เขย่า,478
ล็อก,478
รำลึก,478
ลิขสิทธิ์,478
อุปการะ,478
ระแวง,478
ระบำ,478
อัธยาศัย,477
ข่ม,477
ลูกตา,477
จอร์จ,477
สายน้ำ,476
เก็บเกี่ยว,476
ตะกอน,476
อำ,476
ลู่,476
ระเริง,476
สมเด็จพระเทพรัตนราชสุดา,475
บิดเบือน,475
ธรรมราช,475
กัง,475
พันธบัตร,475
ชายา,475
ผู้สอบ,475
โหดร้าย,475
บำนาญ,475
จับตา,474
เบน,474
ยังชีพ,474
เข้าเฝ้า,474
กัก,474
พระราชนิพนธ์,474
จอย,474
นลิน,474
สรา,473
ทศ,473
มาด,473
เดน,473
คำร้องขอ,473
เลย์,473
อาหรับ,473
อยู่จริง,472
ตอกย้ำ,472
ดับเพลิง,472
เหมือง,472
ถัก,472
กฤษณา,472
เนื้อเยื่อ,471
แพ็ก,471
ผันผวน,471
ว่ะ,471
เกียรติยศ,471
ฝัก,470
ไฟล์,470
มือขวา,470
ช้อป,469
ชั่วร้าย,469
เหม่อ,469
คาดหมาย,469
ถอยหลัง,468
ย้อนหลัง,468
มะม่วง,468
ข้าวเหนียว,468
อัง,468
ขาออก,468
รับปาก,468
ไต่,468
ขับขี่,467
2535,467
เป็นรอง,467
รักใคร่,467
ฆาตกรรม,467
แสงอาทิตย์,467
ยอน,467
ไมตรี,466
จริงอยู่,466
ขัดใจ,466
ดีด,466
หน้าท้อง,466
ยุ้ย,466
วาทศิลป์,465
กลั่น,465
จิบ,465
อริส,465
บวร,464
กานต์,464
เฉพาะหน้า,464
ยังงั้น,464
น้ำหอม,464
โร่,464
โหย,464
แปซิฟิก,464
หึง,463
ณัฐ,463
เครื่องปรุง,463
เพ่ง,463
ณรงค์,463
กระเบื้อง,463
หน้าตาเฉย,463
สยามบรมราชกุมารี,462
กระทง,462
พระพุทธองค์,462
สาป,462
ฐานทัพ,462
แม้น,462
แบ,462
ผักตบชวา,462
